from_utc,to_utc,forecast_gco2_per_kwh,actual_gco2_per_kwh,index_label
2025-08-22 10:30:00+00:00,2025-08-22 11:00:00+00:00,139,138,moderate
2025-08-22 11:00:00+00:00,2025-08-22 11:30:00+00:00,141,143,moderate
2025-08-22 11:30:00+00:00,2025-08-22 12:00:00+00:00,137,142,moderate
2025-08-22 12:00:00+00:00,2025-08-22 12:30:00+00:00,137,138,moderate
2025-08-22 12:30:00+00:00,2025-08-22 13:00:00+00:00,139,133,moderate
2025-08-22 13:00:00+00:00,2025-08-22 13:30:00+00:00,140,130,moderate
2025-08-22 13:30:00+00:00,2025-08-22 14:00:00+00:00,133,131,moderate
2025-08-22 14:00:00+00:00,2025-08-22 14:30:00+00:00,139,135,moderate
2025-08-22 14:30:00+00:00,2025-08-22 15:00:00+00:00,139,139,moderate
2025-08-22 15:00:00+00:00,2025-08-22 15:30:00+00:00,146,149,moderate
2025-08-22 15:30:00+00:00,2025-08-22 16:00:00+00:00,155,165,moderate
2025-08-22 16:00:00+00:00,2025-08-22 16:30:00+00:00,157,181,high
2025-08-22 16:30:00+00:00,2025-08-22 17:00:00+00:00,172,188,high
2025-08-22 17:00:00+00:00,2025-08-22 17:30:00+00:00,181,195,high
2025-08-22 17:30:00+00:00,2025-08-22 18:00:00+00:00,198,202,high
2025-08-22 18:00:00+00:00,2025-08-22 18:30:00+00:00,200,205,high
2025-08-22 18:30:00+00:00,2025-08-22 19:00:00+00:00,210,210,high
2025-08-22 19:00:00+00:00,2025-08-22 19:30:00+00:00,214,209,high
2025-08-22 19:30:00+00:00,2025-08-22 20:00:00+00:00,220,211,high
2025-08-22 20:00:00+00:00,2025-08-22 20:30:00+00:00,218,210,high
2025-08-22 20:30:00+00:00,2025-08-22 21:00:00+00:00,213,204,high
2025-08-22 21:00:00+00:00,2025-08-22 21:30:00+00:00,212,198,high
2025-08-22 21:30:00+00:00,2025-08-22 22:00:00+00:00,203,195,high
2025-08-22 22:00:00+00:00,2025-08-22 22:30:00+00:00,197,191,high
2025-08-22 22:30:00+00:00,2025-08-22 23:00:00+00:00,198,182,high
2025-08-22 23:00:00+00:00,2025-08-22 23:30:00+00:00,199,180,high
2025-08-22 23:30:00+00:00,2025-08-23 00:00:00+00:00,189,174,moderate
2025-08-23 00:00:00+00:00,2025-08-23 00:30:00+00:00,180,174,moderate
2025-08-23 00:30:00+00:00,2025-08-23 01:00:00+00:00,186,178,moderate
2025-08-23 01:00:00+00:00,2025-08-23 01:30:00+00:00,176,180,high
2025-08-23 01:30:00+00:00,2025-08-23 02:00:00+00:00,176,180,high
2025-08-23 02:00:00+00:00,2025-08-23 02:30:00+00:00,183,181,high
2025-08-23 02:30:00+00:00,2025-08-23 03:00:00+00:00,186,181,high
2025-08-23 03:00:00+00:00,2025-08-23 03:30:00+00:00,187,183,high
2025-08-23 03:30:00+00:00,2025-08-23 04:00:00+00:00,189,189,high
2025-08-23 04:00:00+00:00,2025-08-23 04:30:00+00:00,185,188,high
2025-08-23 04:30:00+00:00,2025-08-23 05:00:00+00:00,190,182,high
2025-08-23 05:00:00+00:00,2025-08-23 05:30:00+00:00,193,181,high
2025-08-23 05:30:00+00:00,2025-08-23 06:00:00+00:00,189,180,high
2025-08-23 06:00:00+00:00,2025-08-23 06:30:00+00:00,184,174,moderate
2025-08-23 06:30:00+00:00,2025-08-23 07:00:00+00:00,189,172,moderate
2025-08-23 07:00:00+00:00,2025-08-23 07:30:00+00:00,179,166,moderate
2025-08-23 07:30:00+00:00,2025-08-23 08:00:00+00:00,178,158,moderate
2025-08-23 08:00:00+00:00,2025-08-23 08:30:00+00:00,169,149,moderate
2025-08-23 08:30:00+00:00,2025-08-23 09:00:00+00:00,155,139,moderate
2025-08-23 09:00:00+00:00,2025-08-23 09:30:00+00:00,147,132,moderate
2025-08-23 09:30:00+00:00,2025-08-23 10:00:00+00:00,137,126,moderate
2025-08-23 10:00:00+00:00,2025-08-23 10:30:00+00:00,130,127,moderate
2025-08-23 10:30:00+00:00,2025-08-23 11:00:00+00:00,128,129,moderate
2025-08-23 11:00:00+00:00,2025-08-23 11:30:00+00:00,128,136,moderate
2025-08-23 11:30:00+00:00,2025-08-23 12:00:00+00:00,135,141,moderate
2025-08-23 12:00:00+00:00,2025-08-23 12:30:00+00:00,135,139,moderate
2025-08-23 12:30:00+00:00,2025-08-23 13:00:00+00:00,138,143,moderate
2025-08-23 13:00:00+00:00,2025-08-23 13:30:00+00:00,142,146,moderate
2025-08-23 13:30:00+00:00,2025-08-23 14:00:00+00:00,144,147,moderate
2025-08-23 14:00:00+00:00,2025-08-23 14:30:00+00:00,150,155,moderate
2025-08-23 14:30:00+00:00,2025-08-23 15:00:00+00:00,153,162,moderate
2025-08-23 15:00:00+00:00,2025-08-23 15:30:00+00:00,159,170,moderate
2025-08-23 15:30:00+00:00,2025-08-23 16:00:00+00:00,164,180,high
2025-08-23 16:00:00+00:00,2025-08-23 16:30:00+00:00,177,189,high
2025-08-23 16:30:00+00:00,2025-08-23 17:00:00+00:00,189,191,high
2025-08-23 17:00:00+00:00,2025-08-23 17:30:00+00:00,198,194,high
2025-08-23 17:30:00+00:00,2025-08-23 18:00:00+00:00,200,198,high
2025-08-23 18:00:00+00:00,2025-08-23 18:30:00+00:00,200,203,high
2025-08-23 18:30:00+00:00,2025-08-23 19:00:00+00:00,205,206,high
2025-08-23 19:00:00+00:00,2025-08-23 19:30:00+00:00,214,206,high
2025-08-23 19:30:00+00:00,2025-08-23 20:00:00+00:00,222,208,high
2025-08-23 20:00:00+00:00,2025-08-23 20:30:00+00:00,218,210,high
2025-08-23 20:30:00+00:00,2025-08-23 21:00:00+00:00,216,210,high
2025-08-23 21:00:00+00:00,2025-08-23 21:30:00+00:00,217,205,high
2025-08-23 21:30:00+00:00,2025-08-23 22:00:00+00:00,210,197,high
2025-08-23 22:00:00+00:00,2025-08-23 22:30:00+00:00,212,195,high
2025-08-23 22:30:00+00:00,2025-08-23 23:00:00+00:00,195,189,high
2025-08-23 23:00:00+00:00,2025-08-23 23:30:00+00:00,190,188,high
2025-08-23 23:30:00+00:00,2025-08-24 00:00:00+00:00,187,184,high
2025-08-24 00:00:00+00:00,2025-08-24 00:30:00+00:00,189,181,high
2025-08-24 00:30:00+00:00,2025-08-24 01:00:00+00:00,185,178,moderate
2025-08-24 01:00:00+00:00,2025-08-24 01:30:00+00:00,180,174,moderate
2025-08-24 01:30:00+00:00,2025-08-24 02:00:00+00:00,174,174,moderate
2025-08-24 02:00:00+00:00,2025-08-24 02:30:00+00:00,179,172,moderate
2025-08-24 02:30:00+00:00,2025-08-24 03:00:00+00:00,177,173,moderate
2025-08-24 03:00:00+00:00,2025-08-24 03:30:00+00:00,177,171,moderate
2025-08-24 03:30:00+00:00,2025-08-24 04:00:00+00:00,178,168,moderate
2025-08-24 04:00:00+00:00,2025-08-24 04:30:00+00:00,178,170,moderate
2025-08-24 04:30:00+00:00,2025-08-24 05:00:00+00:00,178,169,moderate
2025-08-24 05:00:00+00:00,2025-08-24 05:30:00+00:00,177,169,moderate
2025-08-24 05:30:00+00:00,2025-08-24 06:00:00+00:00,174,174,moderate
2025-08-24 06:00:00+00:00,2025-08-24 06:30:00+00:00,180,169,moderate
2025-08-24 06:30:00+00:00,2025-08-24 07:00:00+00:00,183,171,moderate
2025-08-24 07:00:00+00:00,2025-08-24 07:30:00+00:00,185,163,moderate
2025-08-24 07:30:00+00:00,2025-08-24 08:00:00+00:00,169,157,moderate
2025-08-24 08:00:00+00:00,2025-08-24 08:30:00+00:00,161,147,moderate
2025-08-24 08:30:00+00:00,2025-08-24 09:00:00+00:00,151,136,moderate
2025-08-24 09:00:00+00:00,2025-08-24 09:30:00+00:00,142,128,moderate
2025-08-24 09:30:00+00:00,2025-08-24 10:00:00+00:00,129,120,moderate
2025-08-24 10:00:00+00:00,2025-08-24 10:30:00+00:00,121,114,moderate
2025-08-24 10:30:00+00:00,2025-08-24 11:00:00+00:00,117,110,moderate
2025-08-24 11:00:00+00:00,2025-08-24 11:30:00+00:00,117,107,moderate
2025-08-24 11:30:00+00:00,2025-08-24 12:00:00+00:00,110,108,moderate
2025-08-24 12:00:00+00:00,2025-08-24 12:30:00+00:00,107,112,moderate
2025-08-24 12:30:00+00:00,2025-08-24 13:00:00+00:00,108,115,moderate
2025-08-24 13:00:00+00:00,2025-08-24 13:30:00+00:00,114,118,moderate
2025-08-24 13:30:00+00:00,2025-08-24 14:00:00+00:00,115,120,moderate
2025-08-24 14:00:00+00:00,2025-08-24 14:30:00+00:00,124,121,moderate
2025-08-24 14:30:00+00:00,2025-08-24 15:00:00+00:00,133,132,moderate
2025-08-24 15:00:00+00:00,2025-08-24 15:30:00+00:00,126,143,moderate
2025-08-24 15:30:00+00:00,2025-08-24 16:00:00+00:00,146,156,moderate
2025-08-24 16:00:00+00:00,2025-08-24 16:30:00+00:00,151,165,moderate
2025-08-24 16:30:00+00:00,2025-08-24 17:00:00+00:00,172,169,moderate
2025-08-24 17:00:00+00:00,2025-08-24 17:30:00+00:00,171,175,moderate
2025-08-24 17:30:00+00:00,2025-08-24 18:00:00+00:00,175,177,moderate
2025-08-24 18:00:00+00:00,2025-08-24 18:30:00+00:00,188,182,high
2025-08-24 18:30:00+00:00,2025-08-24 19:00:00+00:00,185,185,high
2025-08-24 19:00:00+00:00,2025-08-24 19:30:00+00:00,190,183,high
2025-08-24 19:30:00+00:00,2025-08-24 20:00:00+00:00,189,189,high
2025-08-24 20:00:00+00:00,2025-08-24 20:30:00+00:00,185,188,high
2025-08-24 20:30:00+00:00,2025-08-24 21:00:00+00:00,187,198,high
2025-08-24 21:00:00+00:00,2025-08-24 21:30:00+00:00,179,196,high
2025-08-24 21:30:00+00:00,2025-08-24 22:00:00+00:00,172,168,moderate
2025-08-24 22:00:00+00:00,2025-08-24 22:30:00+00:00,161,161,moderate
2025-08-24 22:30:00+00:00,2025-08-24 23:00:00+00:00,150,164,moderate
2025-08-24 23:00:00+00:00,2025-08-24 23:30:00+00:00,146,160,moderate
2025-08-24 23:30:00+00:00,2025-08-25 00:00:00+00:00,153,160,moderate
2025-08-25 00:00:00+00:00,2025-08-25 00:30:00+00:00,145,161,moderate
2025-08-25 00:30:00+00:00,2025-08-25 01:00:00+00:00,143,160,moderate
2025-08-25 01:00:00+00:00,2025-08-25 01:30:00+00:00,144,152,moderate
2025-08-25 01:30:00+00:00,2025-08-25 02:00:00+00:00,145,148,moderate
2025-08-25 02:00:00+00:00,2025-08-25 02:30:00+00:00,143,145,moderate
2025-08-25 02:30:00+00:00,2025-08-25 03:00:00+00:00,145,152,moderate
2025-08-25 03:00:00+00:00,2025-08-25 03:30:00+00:00,144,150,moderate
2025-08-25 03:30:00+00:00,2025-08-25 04:00:00+00:00,142,159,moderate
2025-08-25 04:00:00+00:00,2025-08-25 04:30:00+00:00,142,162,moderate
2025-08-25 04:30:00+00:00,2025-08-25 05:00:00+00:00,145,168,moderate
2025-08-25 05:00:00+00:00,2025-08-25 05:30:00+00:00,144,166,moderate
2025-08-25 05:30:00+00:00,2025-08-25 06:00:00+00:00,141,152,moderate
2025-08-25 06:00:00+00:00,2025-08-25 06:30:00+00:00,135,144,moderate
2025-08-25 06:30:00+00:00,2025-08-25 07:00:00+00:00,131,138,moderate
2025-08-25 07:00:00+00:00,2025-08-25 07:30:00+00:00,123,122,moderate
2025-08-25 07:30:00+00:00,2025-08-25 08:00:00+00:00,108,104,moderate
2025-08-25 08:00:00+00:00,2025-08-25 08:30:00+00:00,95,94,low
2025-08-25 08:30:00+00:00,2025-08-25 09:00:00+00:00,81,82,low
2025-08-25 09:00:00+00:00,2025-08-25 09:30:00+00:00,70,73,low
2025-08-25 09:30:00+00:00,2025-08-25 10:00:00+00:00,68,68,low
2025-08-25 10:00:00+00:00,2025-08-25 10:30:00+00:00,62,62,low
2025-08-25 10:30:00+00:00,2025-08-25 11:00:00+00:00,61,58,low
2025-08-25 11:00:00+00:00,2025-08-25 11:30:00+00:00,59,55,low
2025-08-25 11:30:00+00:00,2025-08-25 12:00:00+00:00,59,56,low
2025-08-25 12:00:00+00:00,2025-08-25 12:30:00+00:00,58,52,low
2025-08-25 12:30:00+00:00,2025-08-25 13:00:00+00:00,56,40,low
2025-08-25 13:00:00+00:00,2025-08-25 13:30:00+00:00,57,38,low
2025-08-25 13:30:00+00:00,2025-08-25 14:00:00+00:00,59,38,low
2025-08-25 14:00:00+00:00,2025-08-25 14:30:00+00:00,61,47,low
2025-08-25 14:30:00+00:00,2025-08-25 15:00:00+00:00,64,54,low
2025-08-25 15:00:00+00:00,2025-08-25 15:30:00+00:00,70,65,low
2025-08-25 15:30:00+00:00,2025-08-25 16:00:00+00:00,78,84,low
2025-08-25 16:00:00+00:00,2025-08-25 16:30:00+00:00,85,102,moderate
2025-08-25 16:30:00+00:00,2025-08-25 17:00:00+00:00,96,118,moderate
2025-08-25 17:00:00+00:00,2025-08-25 17:30:00+00:00,103,130,moderate
2025-08-25 17:30:00+00:00,2025-08-25 18:00:00+00:00,110,142,moderate
2025-08-25 18:00:00+00:00,2025-08-25 18:30:00+00:00,111,148,moderate
2025-08-25 18:30:00+00:00,2025-08-25 19:00:00+00:00,114,146,moderate
2025-08-25 19:00:00+00:00,2025-08-25 19:30:00+00:00,116,142,moderate
2025-08-25 19:30:00+00:00,2025-08-25 20:00:00+00:00,117,141,moderate
2025-08-25 20:00:00+00:00,2025-08-25 20:30:00+00:00,114,134,moderate
2025-08-25 20:30:00+00:00,2025-08-25 21:00:00+00:00,112,137,moderate
2025-08-25 21:00:00+00:00,2025-08-25 21:30:00+00:00,113,127,moderate
2025-08-25 21:30:00+00:00,2025-08-25 22:00:00+00:00,110,102,moderate
2025-08-25 22:00:00+00:00,2025-08-25 22:30:00+00:00,110,95,low
2025-08-25 22:30:00+00:00,2025-08-25 23:00:00+00:00,110,90,low
2025-08-25 23:00:00+00:00,2025-08-25 23:30:00+00:00,109,83,low
2025-08-25 23:30:00+00:00,2025-08-26 00:00:00+00:00,105,74,low
2025-08-26 00:00:00+00:00,2025-08-26 00:30:00+00:00,105,68,low
2025-08-26 00:30:00+00:00,2025-08-26 01:00:00+00:00,104,65,low
2025-08-26 01:00:00+00:00,2025-08-26 01:30:00+00:00,105,65,low
2025-08-26 01:30:00+00:00,2025-08-26 02:00:00+00:00,106,69,low
2025-08-26 02:00:00+00:00,2025-08-26 02:30:00+00:00,106,74,low
2025-08-26 02:30:00+00:00,2025-08-26 03:00:00+00:00,108,75,low
2025-08-26 03:00:00+00:00,2025-08-26 03:30:00+00:00,108,79,low
2025-08-26 03:30:00+00:00,2025-08-26 04:00:00+00:00,113,85,low
2025-08-26 04:00:00+00:00,2025-08-26 04:30:00+00:00,112,92,low
2025-08-26 04:30:00+00:00,2025-08-26 05:00:00+00:00,113,95,low
2025-08-26 05:00:00+00:00,2025-08-26 05:30:00+00:00,113,103,moderate
2025-08-26 05:30:00+00:00,2025-08-26 06:00:00+00:00,110,113,moderate
2025-08-26 06:00:00+00:00,2025-08-26 06:30:00+00:00,110,119,moderate
2025-08-26 06:30:00+00:00,2025-08-26 07:00:00+00:00,110,121,moderate
2025-08-26 07:00:00+00:00,2025-08-26 07:30:00+00:00,116,116,moderate
2025-08-26 07:30:00+00:00,2025-08-26 08:00:00+00:00,118,112,moderate
2025-08-26 08:00:00+00:00,2025-08-26 08:30:00+00:00,119,107,moderate
2025-08-26 08:30:00+00:00,2025-08-26 09:00:00+00:00,110,99,low
2025-08-26 09:00:00+00:00,2025-08-26 09:30:00+00:00,104,92,low
2025-08-26 09:30:00+00:00,2025-08-26 10:00:00+00:00,100,88,low
2025-08-26 10:00:00+00:00,2025-08-26 10:30:00+00:00,97,80,low
2025-08-26 10:30:00+00:00,2025-08-26 11:00:00+00:00,90,77,low
2025-08-26 11:00:00+00:00,2025-08-26 11:30:00+00:00,87,77,low
2025-08-26 11:30:00+00:00,2025-08-26 12:00:00+00:00,84,78,low
2025-08-26 12:00:00+00:00,2025-08-26 12:30:00+00:00,80,75,low
2025-08-26 12:30:00+00:00,2025-08-26 13:00:00+00:00,87,68,low
2025-08-26 13:00:00+00:00,2025-08-26 13:30:00+00:00,88,67,low
2025-08-26 13:30:00+00:00,2025-08-26 14:00:00+00:00,87,68,low
2025-08-26 14:00:00+00:00,2025-08-26 14:30:00+00:00,89,78,low
2025-08-26 14:30:00+00:00,2025-08-26 15:00:00+00:00,94,90,low
2025-08-26 15:00:00+00:00,2025-08-26 15:30:00+00:00,101,113,moderate
2025-08-26 15:30:00+00:00,2025-08-26 16:00:00+00:00,110,143,moderate
2025-08-26 16:00:00+00:00,2025-08-26 16:30:00+00:00,124,159,moderate
2025-08-26 16:30:00+00:00,2025-08-26 17:00:00+00:00,133,160,moderate
2025-08-26 17:00:00+00:00,2025-08-26 17:30:00+00:00,142,169,moderate
2025-08-26 17:30:00+00:00,2025-08-26 18:00:00+00:00,150,180,high
2025-08-26 18:00:00+00:00,2025-08-26 18:30:00+00:00,179,184,high
2025-08-26 18:30:00+00:00,2025-08-26 19:00:00+00:00,183,193,high
2025-08-26 19:00:00+00:00,2025-08-26 19:30:00+00:00,186,197,high
2025-08-26 19:30:00+00:00,2025-08-26 20:00:00+00:00,191,189,high
2025-08-26 20:00:00+00:00,2025-08-26 20:30:00+00:00,211,183,high
2025-08-26 20:30:00+00:00,2025-08-26 21:00:00+00:00,188,185,high
2025-08-26 21:00:00+00:00,2025-08-26 21:30:00+00:00,184,176,moderate
2025-08-26 21:30:00+00:00,2025-08-26 22:00:00+00:00,183,160,moderate
2025-08-26 22:00:00+00:00,2025-08-26 22:30:00+00:00,177,160,moderate
2025-08-26 22:30:00+00:00,2025-08-26 23:00:00+00:00,161,155,moderate
2025-08-26 23:00:00+00:00,2025-08-26 23:30:00+00:00,149,152,moderate
2025-08-26 23:30:00+00:00,2025-08-27 00:00:00+00:00,145,143,moderate
2025-08-27 00:00:00+00:00,2025-08-27 00:30:00+00:00,136,140,moderate
2025-08-27 00:30:00+00:00,2025-08-27 01:00:00+00:00,141,142,moderate
2025-08-27 01:00:00+00:00,2025-08-27 01:30:00+00:00,142,140,moderate
2025-08-27 01:30:00+00:00,2025-08-27 02:00:00+00:00,145,149,moderate
2025-08-27 02:00:00+00:00,2025-08-27 02:30:00+00:00,148,154,moderate
2025-08-27 02:30:00+00:00,2025-08-27 03:00:00+00:00,147,151,moderate
2025-08-27 03:00:00+00:00,2025-08-27 03:30:00+00:00,153,147,moderate
2025-08-27 03:30:00+00:00,2025-08-27 04:00:00+00:00,152,147,moderate
2025-08-27 04:00:00+00:00,2025-08-27 04:30:00+00:00,152,147,moderate
2025-08-27 04:30:00+00:00,2025-08-27 05:00:00+00:00,150,153,moderate
2025-08-27 05:00:00+00:00,2025-08-27 05:30:00+00:00,84,158,moderate
2025-08-27 05:30:00+00:00,2025-08-27 06:00:00+00:00,154,151,moderate
2025-08-27 06:00:00+00:00,2025-08-27 06:30:00+00:00,160,151,moderate
2025-08-27 06:30:00+00:00,2025-08-27 07:00:00+00:00,149,147,moderate
2025-08-27 07:00:00+00:00,2025-08-27 07:30:00+00:00,143,137,moderate
2025-08-27 07:30:00+00:00,2025-08-27 08:00:00+00:00,142,128,moderate
2025-08-27 08:00:00+00:00,2025-08-27 08:30:00+00:00,137,116,moderate
2025-08-27 08:30:00+00:00,2025-08-27 09:00:00+00:00,122,103,moderate
2025-08-27 09:00:00+00:00,2025-08-27 09:30:00+00:00,115,91,low
2025-08-27 09:30:00+00:00,2025-08-27 10:00:00+00:00,101,87,low
2025-08-27 10:00:00+00:00,2025-08-27 10:30:00+00:00,100,83,low
2025-08-27 10:30:00+00:00,2025-08-27 11:00:00+00:00,79,78,low
2025-08-27 11:00:00+00:00,2025-08-27 11:30:00+00:00,74,78,low
2025-08-27 11:30:00+00:00,2025-08-27 12:00:00+00:00,69,75,low
2025-08-27 12:00:00+00:00,2025-08-27 12:30:00+00:00,70,70,low
2025-08-27 12:30:00+00:00,2025-08-27 13:00:00+00:00,73,69,low
2025-08-27 13:00:00+00:00,2025-08-27 13:30:00+00:00,65,62,low
2025-08-27 13:30:00+00:00,2025-08-27 14:00:00+00:00,58,57,low
2025-08-27 14:00:00+00:00,2025-08-27 14:30:00+00:00,57,63,low
2025-08-27 14:30:00+00:00,2025-08-27 15:00:00+00:00,54,74,low
2025-08-27 15:00:00+00:00,2025-08-27 15:30:00+00:00,71,84,low
2025-08-27 15:30:00+00:00,2025-08-27 16:00:00+00:00,87,106,moderate
2025-08-27 16:00:00+00:00,2025-08-27 16:30:00+00:00,95,117,moderate
2025-08-27 16:30:00+00:00,2025-08-27 17:00:00+00:00,109,130,moderate
2025-08-27 17:00:00+00:00,2025-08-27 17:30:00+00:00,123,141,moderate
2025-08-27 17:30:00+00:00,2025-08-27 18:00:00+00:00,136,147,moderate
2025-08-27 18:00:00+00:00,2025-08-27 18:30:00+00:00,143,158,moderate
2025-08-27 18:30:00+00:00,2025-08-27 19:00:00+00:00,147,166,moderate
2025-08-27 19:00:00+00:00,2025-08-27 19:30:00+00:00,159,166,moderate
2025-08-27 19:30:00+00:00,2025-08-27 20:00:00+00:00,163,162,moderate
2025-08-27 20:00:00+00:00,2025-08-27 20:30:00+00:00,161,157,moderate
2025-08-27 20:30:00+00:00,2025-08-27 21:00:00+00:00,157,150,moderate
2025-08-27 21:00:00+00:00,2025-08-27 21:30:00+00:00,147,139,moderate
2025-08-27 21:30:00+00:00,2025-08-27 22:00:00+00:00,143,123,moderate
2025-08-27 22:00:00+00:00,2025-08-27 22:30:00+00:00,135,125,moderate
2025-08-27 22:30:00+00:00,2025-08-27 23:00:00+00:00,121,124,moderate
2025-08-27 23:00:00+00:00,2025-08-27 23:30:00+00:00,122,124,moderate
2025-08-27 23:30:00+00:00,2025-08-28 00:00:00+00:00,129,128,moderate
2025-08-28 00:00:00+00:00,2025-08-28 00:30:00+00:00,131,133,moderate
2025-08-28 00:30:00+00:00,2025-08-28 01:00:00+00:00,137,135,moderate
2025-08-28 01:00:00+00:00,2025-08-28 01:30:00+00:00,139,135,moderate
2025-08-28 01:30:00+00:00,2025-08-28 02:00:00+00:00,144,139,moderate
2025-08-28 02:00:00+00:00,2025-08-28 02:30:00+00:00,141,139,moderate
2025-08-28 02:30:00+00:00,2025-08-28 03:00:00+00:00,142,143,moderate
2025-08-28 03:00:00+00:00,2025-08-28 03:30:00+00:00,142,142,moderate
2025-08-28 03:30:00+00:00,2025-08-28 04:00:00+00:00,145,146,moderate
2025-08-28 04:00:00+00:00,2025-08-28 04:30:00+00:00,148,148,moderate
2025-08-28 04:30:00+00:00,2025-08-28 05:00:00+00:00,155,156,moderate
2025-08-28 05:00:00+00:00,2025-08-28 05:30:00+00:00,90,160,moderate
2025-08-28 05:30:00+00:00,2025-08-28 06:00:00+00:00,165,164,moderate
2025-08-28 06:00:00+00:00,2025-08-28 06:30:00+00:00,162,165,moderate
2025-08-28 06:30:00+00:00,2025-08-28 07:00:00+00:00,168,156,moderate
2025-08-28 07:00:00+00:00,2025-08-28 07:30:00+00:00,158,149,moderate
2025-08-28 07:30:00+00:00,2025-08-28 08:00:00+00:00,151,137,moderate
2025-08-28 08:00:00+00:00,2025-08-28 08:30:00+00:00,139,122,moderate
2025-08-28 08:30:00+00:00,2025-08-28 09:00:00+00:00,122,113,moderate
2025-08-28 09:00:00+00:00,2025-08-28 09:30:00+00:00,109,104,moderate
2025-08-28 09:30:00+00:00,2025-08-28 10:00:00+00:00,112,91,low
2025-08-28 10:00:00+00:00,2025-08-28 10:30:00+00:00,95,85,low
2025-08-28 10:30:00+00:00,2025-08-28 11:00:00+00:00,92,88,low
2025-08-28 11:00:00+00:00,2025-08-28 11:30:00+00:00,82,87,low
2025-08-28 11:30:00+00:00,2025-08-28 12:00:00+00:00,85,80,low
2025-08-28 12:00:00+00:00,2025-08-28 12:30:00+00:00,87,80,low
2025-08-28 12:30:00+00:00,2025-08-28 13:00:00+00:00,78,91,low
2025-08-28 13:00:00+00:00,2025-08-28 13:30:00+00:00,77,93,low
2025-08-28 13:30:00+00:00,2025-08-28 14:00:00+00:00,73,97,low
2025-08-28 14:00:00+00:00,2025-08-28 14:30:00+00:00,72,98,low
2025-08-28 14:30:00+00:00,2025-08-28 15:00:00+00:00,70,105,moderate
2025-08-28 15:00:00+00:00,2025-08-28 15:30:00+00:00,75,107,moderate
2025-08-28 15:30:00+00:00,2025-08-28 16:00:00+00:00,116,105,moderate
2025-08-28 16:00:00+00:00,2025-08-28 16:30:00+00:00,115,109,moderate
2025-08-28 16:30:00+00:00,2025-08-28 17:00:00+00:00,114,113,moderate
2025-08-28 17:00:00+00:00,2025-08-28 17:30:00+00:00,114,119,moderate
2025-08-28 17:30:00+00:00,2025-08-28 18:00:00+00:00,117,117,moderate
2025-08-28 18:00:00+00:00,2025-08-28 18:30:00+00:00,121,121,moderate
2025-08-28 18:30:00+00:00,2025-08-28 19:00:00+00:00,118,123,moderate
2025-08-28 19:00:00+00:00,2025-08-28 19:30:00+00:00,124,123,moderate
2025-08-28 19:30:00+00:00,2025-08-28 20:00:00+00:00,123,119,moderate
2025-08-28 20:00:00+00:00,2025-08-28 20:30:00+00:00,116,111,moderate
2025-08-28 20:30:00+00:00,2025-08-28 21:00:00+00:00,119,111,moderate
2025-08-28 21:00:00+00:00,2025-08-28 21:30:00+00:00,108,104,moderate
2025-08-28 21:30:00+00:00,2025-08-28 22:00:00+00:00,105,82,low
2025-08-28 22:00:00+00:00,2025-08-28 22:30:00+00:00,96,74,low
2025-08-28 22:30:00+00:00,2025-08-28 23:00:00+00:00,81,73,low
2025-08-28 23:00:00+00:00,2025-08-28 23:30:00+00:00,81,73,low
2025-08-28 23:30:00+00:00,2025-08-29 00:00:00+00:00,85,72,low
2025-08-29 00:00:00+00:00,2025-08-29 00:30:00+00:00,74,71,low
2025-08-29 00:30:00+00:00,2025-08-29 01:00:00+00:00,77,77,low
2025-08-29 01:00:00+00:00,2025-08-29 01:30:00+00:00,76,78,low
2025-08-29 01:30:00+00:00,2025-08-29 02:00:00+00:00,83,78,low
2025-08-29 02:00:00+00:00,2025-08-29 02:30:00+00:00,80,78,low
2025-08-29 02:30:00+00:00,2025-08-29 03:00:00+00:00,79,79,low
2025-08-29 03:00:00+00:00,2025-08-29 03:30:00+00:00,83,88,low
2025-08-29 03:30:00+00:00,2025-08-29 04:00:00+00:00,87,99,low
2025-08-29 04:00:00+00:00,2025-08-29 04:30:00+00:00,92,113,moderate
2025-08-29 04:30:00+00:00,2025-08-29 05:00:00+00:00,110,121,moderate
2025-08-29 05:00:00+00:00,2025-08-29 05:30:00+00:00,108,133,moderate
2025-08-29 05:30:00+00:00,2025-08-29 06:00:00+00:00,131,141,moderate
2025-08-29 06:00:00+00:00,2025-08-29 06:30:00+00:00,143,145,moderate
2025-08-29 06:30:00+00:00,2025-08-29 07:00:00+00:00,148,149,moderate
2025-08-29 07:00:00+00:00,2025-08-29 07:30:00+00:00,152,146,moderate
2025-08-29 07:30:00+00:00,2025-08-29 08:00:00+00:00,153,146,moderate
2025-08-29 08:00:00+00:00,2025-08-29 08:30:00+00:00,145,140,moderate
2025-08-29 08:30:00+00:00,2025-08-29 09:00:00+00:00,141,133,moderate
2025-08-29 09:00:00+00:00,2025-08-29 09:30:00+00:00,138,127,moderate
2025-08-29 09:30:00+00:00,2025-08-29 10:00:00+00:00,130,122,moderate
2025-08-29 10:00:00+00:00,2025-08-29 10:30:00+00:00,123,118,moderate
2025-08-29 10:30:00+00:00,2025-08-29 11:00:00+00:00,117,115,moderate
2025-08-29 11:00:00+00:00,2025-08-29 11:30:00+00:00,117,108,moderate
2025-08-29 11:30:00+00:00,2025-08-29 12:00:00+00:00,107,107,moderate
2025-08-29 12:00:00+00:00,2025-08-29 12:30:00+00:00,103,105,moderate
2025-08-29 12:30:00+00:00,2025-08-29 13:00:00+00:00,102,102,moderate
2025-08-29 13:00:00+00:00,2025-08-29 13:30:00+00:00,101,99,low
2025-08-29 13:30:00+00:00,2025-08-29 14:00:00+00:00,99,97,low
2025-08-29 14:00:00+00:00,2025-08-29 14:30:00+00:00,131,104,moderate
2025-08-29 14:30:00+00:00,2025-08-29 15:00:00+00:00,98,110,moderate
2025-08-29 15:00:00+00:00,2025-08-29 15:30:00+00:00,109,119,moderate
2025-08-29 15:30:00+00:00,2025-08-29 16:00:00+00:00,122,127,moderate
2025-08-29 16:00:00+00:00,2025-08-29 16:30:00+00:00,132,142,moderate
2025-08-29 16:30:00+00:00,2025-08-29 17:00:00+00:00,137,153,moderate
2025-08-29 17:00:00+00:00,2025-08-29 17:30:00+00:00,153,159,moderate
2025-08-29 17:30:00+00:00,2025-08-29 18:00:00+00:00,163,164,moderate
2025-08-29 18:00:00+00:00,2025-08-29 18:30:00+00:00,166,172,moderate
2025-08-29 18:30:00+00:00,2025-08-29 19:00:00+00:00,169,175,moderate
2025-08-29 19:00:00+00:00,2025-08-29 19:30:00+00:00,175,174,moderate
2025-08-29 19:30:00+00:00,2025-08-29 20:00:00+00:00,181,181,high
2025-08-29 20:00:00+00:00,2025-08-29 20:30:00+00:00,178,175,moderate
2025-08-29 20:30:00+00:00,2025-08-29 21:00:00+00:00,178,164,moderate
2025-08-29 21:00:00+00:00,2025-08-29 21:30:00+00:00,176,150,moderate
2025-08-29 21:30:00+00:00,2025-08-29 22:00:00+00:00,160,135,moderate
2025-08-29 22:00:00+00:00,2025-08-29 22:30:00+00:00,143,126,moderate
2025-08-29 22:30:00+00:00,2025-08-29 23:00:00+00:00,125,116,moderate
2025-08-29 23:00:00+00:00,2025-08-29 23:30:00+00:00,124,112,moderate
2025-08-29 23:30:00+00:00,2025-08-30 00:00:00+00:00,116,100,moderate
2025-08-30 00:00:00+00:00,2025-08-30 00:30:00+00:00,107,106,moderate
2025-08-30 00:30:00+00:00,2025-08-30 01:00:00+00:00,110,113,moderate
2025-08-30 01:00:00+00:00,2025-08-30 01:30:00+00:00,111,116,moderate
2025-08-30 01:30:00+00:00,2025-08-30 02:00:00+00:00,113,125,moderate
2025-08-30 02:00:00+00:00,2025-08-30 02:30:00+00:00,117,130,moderate
2025-08-30 02:30:00+00:00,2025-08-30 03:00:00+00:00,129,129,moderate
2025-08-30 03:00:00+00:00,2025-08-30 03:30:00+00:00,135,130,moderate
2025-08-30 03:30:00+00:00,2025-08-30 04:00:00+00:00,134,129,moderate
2025-08-30 04:00:00+00:00,2025-08-30 04:30:00+00:00,140,130,moderate
2025-08-30 04:30:00+00:00,2025-08-30 05:00:00+00:00,139,137,moderate
2025-08-30 05:00:00+00:00,2025-08-30 05:30:00+00:00,52,143,moderate
2025-08-30 05:30:00+00:00,2025-08-30 06:00:00+00:00,152,144,moderate
2025-08-30 06:00:00+00:00,2025-08-30 06:30:00+00:00,154,142,moderate
2025-08-30 06:30:00+00:00,2025-08-30 07:00:00+00:00,156,133,moderate
2025-08-30 07:00:00+00:00,2025-08-30 07:30:00+00:00,128,121,moderate
2025-08-30 07:30:00+00:00,2025-08-30 08:00:00+00:00,125,101,moderate
2025-08-30 08:00:00+00:00,2025-08-30 08:30:00+00:00,116,90,low
2025-08-30 08:30:00+00:00,2025-08-30 09:00:00+00:00,95,85,low
2025-08-30 09:00:00+00:00,2025-08-30 09:30:00+00:00,78,76,low
2025-08-30 09:30:00+00:00,2025-08-30 10:00:00+00:00,67,68,low
2025-08-30 10:00:00+00:00,2025-08-30 10:30:00+00:00,74,63,low
2025-08-30 10:30:00+00:00,2025-08-30 11:00:00+00:00,60,69,low
2025-08-30 11:00:00+00:00,2025-08-30 11:30:00+00:00,54,65,low
2025-08-30 11:30:00+00:00,2025-08-30 12:00:00+00:00,61,62,low
2025-08-30 12:00:00+00:00,2025-08-30 12:30:00+00:00,55,58,low
2025-08-30 12:30:00+00:00,2025-08-30 13:00:00+00:00,50,49,low
2025-08-30 13:00:00+00:00,2025-08-30 13:30:00+00:00,48,47,low
2025-08-30 13:30:00+00:00,2025-08-30 14:00:00+00:00,41,46,low
2025-08-30 14:00:00+00:00,2025-08-30 14:30:00+00:00,40,43,low
2025-08-30 14:30:00+00:00,2025-08-30 15:00:00+00:00,38,40,low
2025-08-30 15:00:00+00:00,2025-08-30 15:30:00+00:00,38,42,low
2025-08-30 15:30:00+00:00,2025-08-30 16:00:00+00:00,37,49,low
2025-08-30 16:00:00+00:00,2025-08-30 16:30:00+00:00,37,50,low
2025-08-30 16:30:00+00:00,2025-08-30 17:00:00+00:00,37,52,low
2025-08-30 17:00:00+00:00,2025-08-30 17:30:00+00:00,38,57,low
2025-08-30 17:30:00+00:00,2025-08-30 18:00:00+00:00,42,62,low
2025-08-30 18:00:00+00:00,2025-08-30 18:30:00+00:00,48,65,low
2025-08-30 18:30:00+00:00,2025-08-30 19:00:00+00:00,54,70,low
2025-08-30 19:00:00+00:00,2025-08-30 19:30:00+00:00,59,67,low
2025-08-30 19:30:00+00:00,2025-08-30 20:00:00+00:00,61,65,low
2025-08-30 20:00:00+00:00,2025-08-30 20:30:00+00:00,63,60,low
2025-08-30 20:30:00+00:00,2025-08-30 21:00:00+00:00,63,58,low
2025-08-30 21:00:00+00:00,2025-08-30 21:30:00+00:00,59,56,low
2025-08-30 21:30:00+00:00,2025-08-30 22:00:00+00:00,59,60,low
2025-08-30 22:00:00+00:00,2025-08-30 22:30:00+00:00,55,59,low
2025-08-30 22:30:00+00:00,2025-08-30 23:00:00+00:00,55,64,low
2025-08-30 23:00:00+00:00,2025-08-30 23:30:00+00:00,56,66,low
2025-08-30 23:30:00+00:00,2025-08-31 00:00:00+00:00,56,61,low
2025-08-31 00:00:00+00:00,2025-08-31 00:30:00+00:00,57,62,low
2025-08-31 00:30:00+00:00,2025-08-31 01:00:00+00:00,59,60,low
2025-08-31 01:00:00+00:00,2025-08-31 01:30:00+00:00,59,60,low
2025-08-31 01:30:00+00:00,2025-08-31 02:00:00+00:00,58,63,low
2025-08-31 02:00:00+00:00,2025-08-31 02:30:00+00:00,62,60,low
2025-08-31 02:30:00+00:00,2025-08-31 03:00:00+00:00,63,58,low
2025-08-31 03:00:00+00:00,2025-08-31 03:30:00+00:00,62,62,low
2025-08-31 03:30:00+00:00,2025-08-31 04:00:00+00:00,60,62,low
2025-08-31 04:00:00+00:00,2025-08-31 04:30:00+00:00,63,67,low
2025-08-31 04:30:00+00:00,2025-08-31 05:00:00+00:00,62,78,low
2025-08-31 05:00:00+00:00,2025-08-31 05:30:00+00:00,65,79,low
2025-08-31 05:30:00+00:00,2025-08-31 06:00:00+00:00,71,76,low
2025-08-31 06:00:00+00:00,2025-08-31 06:30:00+00:00,69,76,low
2025-08-31 06:30:00+00:00,2025-08-31 07:00:00+00:00,67,70,low
2025-08-31 07:00:00+00:00,2025-08-31 07:30:00+00:00,66,61,low
2025-08-31 07:30:00+00:00,2025-08-31 08:00:00+00:00,59,48,low
2025-08-31 08:00:00+00:00,2025-08-31 08:30:00+00:00,52,45,low
2025-08-31 08:30:00+00:00,2025-08-31 09:00:00+00:00,41,44,low
2025-08-31 09:00:00+00:00,2025-08-31 09:30:00+00:00,38,41,low
2025-08-31 09:30:00+00:00,2025-08-31 10:00:00+00:00,40,43,low
2025-08-31 10:00:00+00:00,2025-08-31 10:30:00+00:00,36,44,low
2025-08-31 10:30:00+00:00,2025-08-31 11:00:00+00:00,38,42,low
2025-08-31 11:00:00+00:00,2025-08-31 11:30:00+00:00,39,39,low
2025-08-31 11:30:00+00:00,2025-08-31 12:00:00+00:00,36,36,low
2025-08-31 12:00:00+00:00,2025-08-31 12:30:00+00:00,35,34,low
2025-08-31 12:30:00+00:00,2025-08-31 13:00:00+00:00,33,34,low
2025-08-31 13:00:00+00:00,2025-08-31 13:30:00+00:00,31,34,low
2025-08-31 13:30:00+00:00,2025-08-31 14:00:00+00:00,29,40,low
2025-08-31 14:00:00+00:00,2025-08-31 14:30:00+00:00,29,40,low
2025-08-31 14:30:00+00:00,2025-08-31 15:00:00+00:00,32,44,low
2025-08-31 15:00:00+00:00,2025-08-31 15:30:00+00:00,38,45,low
2025-08-31 15:30:00+00:00,2025-08-31 16:00:00+00:00,43,50,low
2025-08-31 16:00:00+00:00,2025-08-31 16:30:00+00:00,50,58,low
2025-08-31 16:30:00+00:00,2025-08-31 17:00:00+00:00,49,63,low
2025-08-31 17:00:00+00:00,2025-08-31 17:30:00+00:00,57,69,low
2025-08-31 17:30:00+00:00,2025-08-31 18:00:00+00:00,59,70,low
2025-08-31 18:00:00+00:00,2025-08-31 18:30:00+00:00,64,75,low
2025-08-31 18:30:00+00:00,2025-08-31 19:00:00+00:00,67,79,low
2025-08-31 19:00:00+00:00,2025-08-31 19:30:00+00:00,70,79,low
2025-08-31 19:30:00+00:00,2025-08-31 20:00:00+00:00,70,80,low
2025-08-31 20:00:00+00:00,2025-08-31 20:30:00+00:00,72,76,low
2025-08-31 20:30:00+00:00,2025-08-31 21:00:00+00:00,76,81,low
2025-08-31 21:00:00+00:00,2025-08-31 21:30:00+00:00,74,76,low
2025-08-31 21:30:00+00:00,2025-08-31 22:00:00+00:00,75,70,low
2025-08-31 22:00:00+00:00,2025-08-31 22:30:00+00:00,72,65,low
2025-08-31 22:30:00+00:00,2025-08-31 23:00:00+00:00,68,63,low
2025-08-31 23:00:00+00:00,2025-08-31 23:30:00+00:00,68,64,low
2025-08-31 23:30:00+00:00,2025-09-01 00:00:00+00:00,68,68,low
2025-09-01 00:00:00+00:00,2025-09-01 00:30:00+00:00,62,68,low
2025-09-01 00:30:00+00:00,2025-09-01 01:00:00+00:00,68,66,low
2025-09-01 01:00:00+00:00,2025-09-01 01:30:00+00:00,68,68,low
2025-09-01 01:30:00+00:00,2025-09-01 02:00:00+00:00,65,67,low
2025-09-01 02:00:00+00:00,2025-09-01 02:30:00+00:00,66,69,low
2025-09-01 02:30:00+00:00,2025-09-01 03:00:00+00:00,66,70,low
2025-09-01 03:00:00+00:00,2025-09-01 03:30:00+00:00,67,71,low
2025-09-01 03:30:00+00:00,2025-09-01 04:00:00+00:00,69,75,low
2025-09-01 04:00:00+00:00,2025-09-01 04:30:00+00:00,71,76,low
2025-09-01 04:30:00+00:00,2025-09-01 05:00:00+00:00,75,71,low
2025-09-01 05:00:00+00:00,2025-09-01 05:30:00+00:00,75,74,low
2025-09-01 05:30:00+00:00,2025-09-01 06:00:00+00:00,78,74,low
2025-09-01 06:00:00+00:00,2025-09-01 06:30:00+00:00,65,75,low
2025-09-01 06:30:00+00:00,2025-09-01 07:00:00+00:00,71,72,low
2025-09-01 07:00:00+00:00,2025-09-01 07:30:00+00:00,64,66,low
2025-09-01 07:30:00+00:00,2025-09-01 08:00:00+00:00,64,58,low
2025-09-01 08:00:00+00:00,2025-09-01 08:30:00+00:00,60,53,low
2025-09-01 08:30:00+00:00,2025-09-01 09:00:00+00:00,53,54,low
2025-09-01 09:00:00+00:00,2025-09-01 09:30:00+00:00,46,47,low
2025-09-01 09:30:00+00:00,2025-09-01 10:00:00+00:00,46,47,low
2025-09-01 10:00:00+00:00,2025-09-01 10:30:00+00:00,41,45,low
2025-09-01 10:30:00+00:00,2025-09-01 11:00:00+00:00,42,45,low
2025-09-01 11:00:00+00:00,2025-09-01 11:30:00+00:00,42,43,low
2025-09-01 11:30:00+00:00,2025-09-01 12:00:00+00:00,40,40,low
2025-09-01 12:00:00+00:00,2025-09-01 12:30:00+00:00,40,41,low
2025-09-01 12:30:00+00:00,2025-09-01 13:00:00+00:00,36,39,low
2025-09-01 13:00:00+00:00,2025-09-01 13:30:00+00:00,32,38,low
2025-09-01 13:30:00+00:00,2025-09-01 14:00:00+00:00,34,39,low
2025-09-01 14:00:00+00:00,2025-09-01 14:30:00+00:00,36,40,low
2025-09-01 14:30:00+00:00,2025-09-01 15:00:00+00:00,38,44,low
2025-09-01 15:00:00+00:00,2025-09-01 15:30:00+00:00,44,52,low
2025-09-01 15:30:00+00:00,2025-09-01 16:00:00+00:00,46,66,low
2025-09-01 16:00:00+00:00,2025-09-01 16:30:00+00:00,55,74,low
2025-09-01 16:30:00+00:00,2025-09-01 17:00:00+00:00,66,88,low
2025-09-01 17:00:00+00:00,2025-09-01 17:30:00+00:00,79,95,low
2025-09-01 17:30:00+00:00,2025-09-01 18:00:00+00:00,91,99,low
2025-09-01 18:00:00+00:00,2025-09-01 18:30:00+00:00,92,105,moderate
2025-09-01 18:30:00+00:00,2025-09-01 19:00:00+00:00,103,100,moderate
2025-09-01 19:00:00+00:00,2025-09-01 19:30:00+00:00,104,100,moderate
2025-09-01 19:30:00+00:00,2025-09-01 20:00:00+00:00,103,101,moderate
2025-09-01 20:00:00+00:00,2025-09-01 20:30:00+00:00,95,94,low
2025-09-01 20:30:00+00:00,2025-09-01 21:00:00+00:00,96,88,low
2025-09-01 21:00:00+00:00,2025-09-01 21:30:00+00:00,91,80,low
2025-09-01 21:30:00+00:00,2025-09-01 22:00:00+00:00,86,67,low
2025-09-01 22:00:00+00:00,2025-09-01 22:30:00+00:00,82,67,low
2025-09-01 22:30:00+00:00,2025-09-01 23:00:00+00:00,68,71,low
2025-09-01 23:00:00+00:00,2025-09-01 23:30:00+00:00,67,74,low
2025-09-01 23:30:00+00:00,2025-09-02 00:00:00+00:00,67,73,low
2025-09-02 00:00:00+00:00,2025-09-02 00:30:00+00:00,73,77,low
2025-09-02 00:30:00+00:00,2025-09-02 01:00:00+00:00,74,73,low
2025-09-02 01:00:00+00:00,2025-09-02 01:30:00+00:00,78,74,low
2025-09-02 01:30:00+00:00,2025-09-02 02:00:00+00:00,76,75,low
2025-09-02 02:00:00+00:00,2025-09-02 02:30:00+00:00,75,77,low
2025-09-02 02:30:00+00:00,2025-09-02 03:00:00+00:00,77,84,low
2025-09-02 03:00:00+00:00,2025-09-02 03:30:00+00:00,81,89,low
2025-09-02 03:30:00+00:00,2025-09-02 04:00:00+00:00,85,101,moderate
2025-09-02 04:00:00+00:00,2025-09-02 04:30:00+00:00,92,127,moderate
2025-09-02 04:30:00+00:00,2025-09-02 05:00:00+00:00,111,151,moderate
2025-09-02 05:00:00+00:00,2025-09-02 05:30:00+00:00,148,166,moderate
2025-09-02 05:30:00+00:00,2025-09-02 06:00:00+00:00,162,169,moderate
2025-09-02 06:00:00+00:00,2025-09-02 06:30:00+00:00,172,166,moderate
2025-09-02 06:30:00+00:00,2025-09-02 07:00:00+00:00,178,162,moderate
2025-09-02 07:00:00+00:00,2025-09-02 07:30:00+00:00,169,156,moderate
2025-09-02 07:30:00+00:00,2025-09-02 08:00:00+00:00,158,153,moderate
2025-09-02 08:00:00+00:00,2025-09-02 08:30:00+00:00,156,144,moderate
2025-09-02 08:30:00+00:00,2025-09-02 09:00:00+00:00,149,137,moderate
2025-09-02 09:00:00+00:00,2025-09-02 09:30:00+00:00,136,132,moderate
2025-09-02 09:30:00+00:00,2025-09-02 10:00:00+00:00,130,134,moderate
2025-09-02 10:00:00+00:00,2025-09-02 10:30:00+00:00,130,139,moderate
2025-09-02 10:30:00+00:00,2025-09-02 11:00:00+00:00,132,135,moderate
2025-09-02 11:00:00+00:00,2025-09-02 11:30:00+00:00,141,134,moderate
2025-09-02 11:30:00+00:00,2025-09-02 12:00:00+00:00,140,134,moderate
2025-09-02 12:00:00+00:00,2025-09-02 12:30:00+00:00,137,136,moderate
2025-09-02 12:30:00+00:00,2025-09-02 13:00:00+00:00,140,141,moderate
2025-09-02 13:00:00+00:00,2025-09-02 13:30:00+00:00,138,149,moderate
2025-09-02 13:30:00+00:00,2025-09-02 14:00:00+00:00,141,147,moderate
2025-09-02 14:00:00+00:00,2025-09-02 14:30:00+00:00,147,149,moderate
2025-09-02 14:30:00+00:00,2025-09-02 15:00:00+00:00,153,152,moderate
2025-09-02 15:00:00+00:00,2025-09-02 15:30:00+00:00,152,163,moderate
2025-09-02 15:30:00+00:00,2025-09-02 16:00:00+00:00,165,172,moderate
2025-09-02 16:00:00+00:00,2025-09-02 16:30:00+00:00,172,176,moderate
2025-09-02 16:30:00+00:00,2025-09-02 17:00:00+00:00,183,183,high
2025-09-02 17:00:00+00:00,2025-09-02 17:30:00+00:00,179,184,high
2025-09-02 17:30:00+00:00,2025-09-02 18:00:00+00:00,191,182,high
2025-09-02 18:00:00+00:00,2025-09-02 18:30:00+00:00,194,180,high
2025-09-02 18:30:00+00:00,2025-09-02 19:00:00+00:00,190,179,moderate
2025-09-02 19:00:00+00:00,2025-09-02 19:30:00+00:00,185,178,moderate
2025-09-02 19:30:00+00:00,2025-09-02 20:00:00+00:00,187,173,moderate
2025-09-02 20:00:00+00:00,2025-09-02 20:30:00+00:00,187,165,moderate
2025-09-02 20:30:00+00:00,2025-09-02 21:00:00+00:00,177,158,moderate
2025-09-02 21:00:00+00:00,2025-09-02 21:30:00+00:00,164,153,moderate
2025-09-02 21:30:00+00:00,2025-09-02 22:00:00+00:00,159,141,moderate
2025-09-02 22:00:00+00:00,2025-09-02 22:30:00+00:00,147,128,moderate
2025-09-02 22:30:00+00:00,2025-09-02 23:00:00+00:00,143,121,moderate
2025-09-02 23:00:00+00:00,2025-09-02 23:30:00+00:00,140,116,moderate
2025-09-02 23:30:00+00:00,2025-09-03 00:00:00+00:00,130,118,moderate
2025-09-03 00:00:00+00:00,2025-09-03 00:30:00+00:00,109,115,moderate
2025-09-03 00:30:00+00:00,2025-09-03 01:00:00+00:00,113,116,moderate
2025-09-03 01:00:00+00:00,2025-09-03 01:30:00+00:00,115,116,moderate
2025-09-03 01:30:00+00:00,2025-09-03 02:00:00+00:00,113,114,moderate
2025-09-03 02:00:00+00:00,2025-09-03 02:30:00+00:00,112,116,moderate
2025-09-03 02:30:00+00:00,2025-09-03 03:00:00+00:00,107,119,moderate
2025-09-03 03:00:00+00:00,2025-09-03 03:30:00+00:00,111,116,moderate
2025-09-03 03:30:00+00:00,2025-09-03 04:00:00+00:00,104,104,moderate
2025-09-03 04:00:00+00:00,2025-09-03 04:30:00+00:00,115,102,moderate
2025-09-03 04:30:00+00:00,2025-09-03 05:00:00+00:00,108,121,moderate
2025-09-03 05:00:00+00:00,2025-09-03 05:30:00+00:00,106,134,moderate
2025-09-03 05:30:00+00:00,2025-09-03 06:00:00+00:00,136,139,moderate
2025-09-03 06:00:00+00:00,2025-09-03 06:30:00+00:00,142,138,moderate
2025-09-03 06:30:00+00:00,2025-09-03 07:00:00+00:00,155,141,moderate
2025-09-03 07:00:00+00:00,2025-09-03 07:30:00+00:00,142,142,moderate
2025-09-03 07:30:00+00:00,2025-09-03 08:00:00+00:00,140,137,moderate
2025-09-03 08:00:00+00:00,2025-09-03 08:30:00+00:00,135,127,moderate
2025-09-03 08:30:00+00:00,2025-09-03 09:00:00+00:00,126,117,moderate
2025-09-03 09:00:00+00:00,2025-09-03 09:30:00+00:00,118,115,moderate
2025-09-03 09:30:00+00:00,2025-09-03 10:00:00+00:00,114,108,moderate
2025-09-03 10:00:00+00:00,2025-09-03 10:30:00+00:00,109,104,moderate
2025-09-03 10:30:00+00:00,2025-09-03 11:00:00+00:00,99,106,moderate
2025-09-03 11:00:00+00:00,2025-09-03 11:30:00+00:00,100,104,moderate
2025-09-03 11:30:00+00:00,2025-09-03 12:00:00+00:00,105,94,low
2025-09-03 12:00:00+00:00,2025-09-03 12:30:00+00:00,101,95,low
2025-09-03 12:30:00+00:00,2025-09-03 13:00:00+00:00,90,92,low
2025-09-03 13:00:00+00:00,2025-09-03 13:30:00+00:00,89,89,low
2025-09-03 13:30:00+00:00,2025-09-03 14:00:00+00:00,88,86,low
2025-09-03 14:00:00+00:00,2025-09-03 14:30:00+00:00,92,87,low
2025-09-03 14:30:00+00:00,2025-09-03 15:00:00+00:00,95,84,low
2025-09-03 15:00:00+00:00,2025-09-03 15:30:00+00:00,96,92,low
2025-09-03 15:30:00+00:00,2025-09-03 16:00:00+00:00,92,102,moderate
2025-09-03 16:00:00+00:00,2025-09-03 16:30:00+00:00,99,110,moderate
2025-09-03 16:30:00+00:00,2025-09-03 17:00:00+00:00,110,112,moderate
2025-09-03 17:00:00+00:00,2025-09-03 17:30:00+00:00,112,121,moderate
2025-09-03 17:30:00+00:00,2025-09-03 18:00:00+00:00,114,120,moderate
2025-09-03 18:00:00+00:00,2025-09-03 18:30:00+00:00,121,118,moderate
2025-09-03 18:30:00+00:00,2025-09-03 19:00:00+00:00,121,114,moderate
2025-09-03 19:00:00+00:00,2025-09-03 19:30:00+00:00,111,105,moderate
2025-09-03 19:30:00+00:00,2025-09-03 20:00:00+00:00,108,93,low
2025-09-03 20:00:00+00:00,2025-09-03 20:30:00+00:00,102,80,low
2025-09-03 20:30:00+00:00,2025-09-03 21:00:00+00:00,88,75,low
2025-09-03 21:00:00+00:00,2025-09-03 21:30:00+00:00,78,73,low
2025-09-03 21:30:00+00:00,2025-09-03 22:00:00+00:00,71,72,low
2025-09-03 22:00:00+00:00,2025-09-03 22:30:00+00:00,68,75,low
2025-09-03 22:30:00+00:00,2025-09-03 23:00:00+00:00,68,69,low
2025-09-03 23:00:00+00:00,2025-09-03 23:30:00+00:00,66,71,low
2025-09-03 23:30:00+00:00,2025-09-04 00:00:00+00:00,65,70,low
2025-09-04 00:00:00+00:00,2025-09-04 00:30:00+00:00,69,71,low
2025-09-04 00:30:00+00:00,2025-09-04 01:00:00+00:00,69,74,low
2025-09-04 01:00:00+00:00,2025-09-04 01:30:00+00:00,81,75,low
2025-09-04 01:30:00+00:00,2025-09-04 02:00:00+00:00,71,77,low
2025-09-04 02:00:00+00:00,2025-09-04 02:30:00+00:00,78,78,low
2025-09-04 02:30:00+00:00,2025-09-04 03:00:00+00:00,74,83,low
2025-09-04 03:00:00+00:00,2025-09-04 03:30:00+00:00,79,86,low
2025-09-04 03:30:00+00:00,2025-09-04 04:00:00+00:00,75,86,low
2025-09-04 04:00:00+00:00,2025-09-04 04:30:00+00:00,76,102,moderate
2025-09-04 04:30:00+00:00,2025-09-04 05:00:00+00:00,97,126,moderate
2025-09-04 05:00:00+00:00,2025-09-04 05:30:00+00:00,118,145,moderate
2025-09-04 05:30:00+00:00,2025-09-04 06:00:00+00:00,138,159,moderate
2025-09-04 06:00:00+00:00,2025-09-04 06:30:00+00:00,149,165,moderate
2025-09-04 06:30:00+00:00,2025-09-04 07:00:00+00:00,172,168,moderate
2025-09-04 07:00:00+00:00,2025-09-04 07:30:00+00:00,177,165,moderate
2025-09-04 07:30:00+00:00,2025-09-04 08:00:00+00:00,177,161,moderate
2025-09-04 08:00:00+00:00,2025-09-04 08:30:00+00:00,166,152,moderate
2025-09-04 08:30:00+00:00,2025-09-04 09:00:00+00:00,157,151,moderate
2025-09-04 09:00:00+00:00,2025-09-04 09:30:00+00:00,151,148,moderate
2025-09-04 09:30:00+00:00,2025-09-04 10:00:00+00:00,149,144,moderate
2025-09-04 10:00:00+00:00,2025-09-04 10:30:00+00:00,151,137,moderate
2025-09-04 10:30:00+00:00,2025-09-04 11:00:00+00:00,149,130,moderate
2025-09-04 11:00:00+00:00,2025-09-04 11:30:00+00:00,134,126,moderate
2025-09-04 11:30:00+00:00,2025-09-04 12:00:00+00:00,126,119,moderate
2025-09-04 12:00:00+00:00,2025-09-04 12:30:00+00:00,118,109,moderate
2025-09-04 12:30:00+00:00,2025-09-04 13:00:00+00:00,109,109,moderate
2025-09-04 13:00:00+00:00,2025-09-04 13:30:00+00:00,104,106,moderate
2025-09-04 13:30:00+00:00,2025-09-04 14:00:00+00:00,106,106,moderate
2025-09-04 14:00:00+00:00,2025-09-04 14:30:00+00:00,103,100,moderate
2025-09-04 14:30:00+00:00,2025-09-04 15:00:00+00:00,97,106,moderate
2025-09-04 15:00:00+00:00,2025-09-04 15:30:00+00:00,112,118,moderate
2025-09-04 15:30:00+00:00,2025-09-04 16:00:00+00:00,117,131,moderate
2025-09-04 16:00:00+00:00,2025-09-04 16:30:00+00:00,131,144,moderate
2025-09-04 16:30:00+00:00,2025-09-04 17:00:00+00:00,140,151,moderate
2025-09-04 17:00:00+00:00,2025-09-04 17:30:00+00:00,159,159,moderate
2025-09-04 17:30:00+00:00,2025-09-04 18:00:00+00:00,166,168,moderate
2025-09-04 18:00:00+00:00,2025-09-04 18:30:00+00:00,163,173,moderate
2025-09-04 18:30:00+00:00,2025-09-04 19:00:00+00:00,174,173,moderate
2025-09-04 19:00:00+00:00,2025-09-04 19:30:00+00:00,184,169,moderate
2025-09-04 19:30:00+00:00,2025-09-04 20:00:00+00:00,178,161,moderate
2025-09-04 20:00:00+00:00,2025-09-04 20:30:00+00:00,166,156,moderate
2025-09-04 20:30:00+00:00,2025-09-04 21:00:00+00:00,161,138,moderate
2025-09-04 21:00:00+00:00,2025-09-04 21:30:00+00:00,156,125,moderate
2025-09-04 21:30:00+00:00,2025-09-04 22:00:00+00:00,139,116,moderate
2025-09-04 22:00:00+00:00,2025-09-04 22:30:00+00:00,119,110,moderate
2025-09-04 22:30:00+00:00,2025-09-04 23:00:00+00:00,111,112,moderate
2025-09-04 23:00:00+00:00,2025-09-04 23:30:00+00:00,115,110,moderate
2025-09-04 23:30:00+00:00,2025-09-05 00:00:00+00:00,114,112,moderate
2025-09-05 00:00:00+00:00,2025-09-05 00:30:00+00:00,113,112,moderate
2025-09-05 00:30:00+00:00,2025-09-05 01:00:00+00:00,116,111,moderate
2025-09-05 01:00:00+00:00,2025-09-05 01:30:00+00:00,112,106,moderate
2025-09-05 01:30:00+00:00,2025-09-05 02:00:00+00:00,105,102,moderate
2025-09-05 02:00:00+00:00,2025-09-05 02:30:00+00:00,105,102,moderate
2025-09-05 02:30:00+00:00,2025-09-05 03:00:00+00:00,107,101,moderate
2025-09-05 03:00:00+00:00,2025-09-05 03:30:00+00:00,105,99,low
2025-09-05 03:30:00+00:00,2025-09-05 04:00:00+00:00,108,114,moderate
2025-09-05 04:00:00+00:00,2025-09-05 04:30:00+00:00,106,125,moderate
2025-09-05 04:30:00+00:00,2025-09-05 05:00:00+00:00,126,141,moderate
2025-09-05 05:00:00+00:00,2025-09-05 05:30:00+00:00,139,151,moderate
2025-09-05 05:30:00+00:00,2025-09-05 06:00:00+00:00,153,157,moderate
2025-09-05 06:00:00+00:00,2025-09-05 06:30:00+00:00,153,161,moderate
2025-09-05 06:30:00+00:00,2025-09-05 07:00:00+00:00,161,157,moderate
2025-09-05 07:00:00+00:00,2025-09-05 07:30:00+00:00,158,149,moderate
2025-09-05 07:30:00+00:00,2025-09-05 08:00:00+00:00,155,140,moderate
2025-09-05 08:00:00+00:00,2025-09-05 08:30:00+00:00,143,126,moderate
2025-09-05 08:30:00+00:00,2025-09-05 09:00:00+00:00,131,123,moderate
2025-09-05 09:00:00+00:00,2025-09-05 09:30:00+00:00,121,113,moderate
2025-09-05 09:30:00+00:00,2025-09-05 10:00:00+00:00,120,111,moderate
2025-09-05 10:00:00+00:00,2025-09-05 10:30:00+00:00,112,108,moderate
2025-09-05 10:30:00+00:00,2025-09-05 11:00:00+00:00,110,111,moderate
2025-09-05 11:00:00+00:00,2025-09-05 11:30:00+00:00,113,109,moderate
2025-09-05 11:30:00+00:00,2025-09-05 12:00:00+00:00,112,108,moderate
2025-09-05 12:00:00+00:00,2025-09-05 12:30:00+00:00,112,102,moderate
2025-09-05 12:30:00+00:00,2025-09-05 13:00:00+00:00,110,97,low
2025-09-05 13:00:00+00:00,2025-09-05 13:30:00+00:00,107,100,moderate
2025-09-05 13:30:00+00:00,2025-09-05 14:00:00+00:00,95,105,moderate
2025-09-05 14:00:00+00:00,2025-09-05 14:30:00+00:00,102,113,moderate
2025-09-05 14:30:00+00:00,2025-09-05 15:00:00+00:00,116,123,moderate
2025-09-05 15:00:00+00:00,2025-09-05 15:30:00+00:00,120,142,moderate
2025-09-05 15:30:00+00:00,2025-09-05 16:00:00+00:00,134,161,moderate
2025-09-05 16:00:00+00:00,2025-09-05 16:30:00+00:00,150,172,moderate
2025-09-05 16:30:00+00:00,2025-09-05 17:00:00+00:00,174,187,high
2025-09-05 17:00:00+00:00,2025-09-05 17:30:00+00:00,187,198,high
2025-09-05 17:30:00+00:00,2025-09-05 18:00:00+00:00,201,203,high
2025-09-05 18:00:00+00:00,2025-09-05 18:30:00+00:00,213,208,high
2025-09-05 18:30:00+00:00,2025-09-05 19:00:00+00:00,215,208,high
2025-09-05 19:00:00+00:00,2025-09-05 19:30:00+00:00,218,201,high
2025-09-05 19:30:00+00:00,2025-09-05 20:00:00+00:00,219,201,high
2025-09-05 20:00:00+00:00,2025-09-05 20:30:00+00:00,215,202,high
2025-09-05 20:30:00+00:00,2025-09-05 21:00:00+00:00,216,205,high
2025-09-05 21:00:00+00:00,2025-09-05 21:30:00+00:00,204,199,high
2025-09-05 21:30:00+00:00,2025-09-05 22:00:00+00:00,198,177,moderate
2025-09-05 22:00:00+00:00,2025-09-05 22:30:00+00:00,197,166,moderate
2025-09-05 22:30:00+00:00,2025-09-05 23:00:00+00:00,184,155,moderate
2025-09-05 23:00:00+00:00,2025-09-05 23:30:00+00:00,182,145,moderate
2025-09-05 23:30:00+00:00,2025-09-06 00:00:00+00:00,170,136,moderate
2025-09-06 00:00:00+00:00,2025-09-06 00:30:00+00:00,141,128,moderate
2025-09-06 00:30:00+00:00,2025-09-06 01:00:00+00:00,140,124,moderate
2025-09-06 01:00:00+00:00,2025-09-06 01:30:00+00:00,123,120,moderate
2025-09-06 01:30:00+00:00,2025-09-06 02:00:00+00:00,121,118,moderate
2025-09-06 02:00:00+00:00,2025-09-06 02:30:00+00:00,119,116,moderate
2025-09-06 02:30:00+00:00,2025-09-06 03:00:00+00:00,118,115,moderate
2025-09-06 03:00:00+00:00,2025-09-06 03:30:00+00:00,120,112,moderate
2025-09-06 03:30:00+00:00,2025-09-06 04:00:00+00:00,118,111,moderate
2025-09-06 04:00:00+00:00,2025-09-06 04:30:00+00:00,117,106,moderate
2025-09-06 04:30:00+00:00,2025-09-06 05:00:00+00:00,105,110,moderate
2025-09-06 05:00:00+00:00,2025-09-06 05:30:00+00:00,107,101,moderate
2025-09-06 05:30:00+00:00,2025-09-06 06:00:00+00:00,109,94,low
2025-09-06 06:00:00+00:00,2025-09-06 06:30:00+00:00,96,91,low
2025-09-06 06:30:00+00:00,2025-09-06 07:00:00+00:00,96,91,low
2025-09-06 07:00:00+00:00,2025-09-06 07:30:00+00:00,89,90,low
2025-09-06 07:30:00+00:00,2025-09-06 08:00:00+00:00,91,84,low
2025-09-06 08:00:00+00:00,2025-09-06 08:30:00+00:00,79,78,low
2025-09-06 08:30:00+00:00,2025-09-06 09:00:00+00:00,72,75,low
2025-09-06 09:00:00+00:00,2025-09-06 09:30:00+00:00,85,73,low
2025-09-06 09:30:00+00:00,2025-09-06 10:00:00+00:00,64,66,low
2025-09-06 10:00:00+00:00,2025-09-06 10:30:00+00:00,71,61,low
2025-09-06 10:30:00+00:00,2025-09-06 11:00:00+00:00,59,71,low
2025-09-06 11:00:00+00:00,2025-09-06 11:30:00+00:00,54,68,low
2025-09-06 11:30:00+00:00,2025-09-06 12:00:00+00:00,57,60,low
2025-09-06 12:00:00+00:00,2025-09-06 12:30:00+00:00,63,57,low
2025-09-06 12:30:00+00:00,2025-09-06 13:00:00+00:00,54,59,low
2025-09-06 13:00:00+00:00,2025-09-06 13:30:00+00:00,50,60,low
2025-09-06 13:30:00+00:00,2025-09-06 14:00:00+00:00,50,67,low
2025-09-06 14:00:00+00:00,2025-09-06 14:30:00+00:00,57,63,low
2025-09-06 14:30:00+00:00,2025-09-06 15:00:00+00:00,55,52,low
2025-09-06 15:00:00+00:00,2025-09-06 15:30:00+00:00,54,49,low
2025-09-06 15:30:00+00:00,2025-09-06 16:00:00+00:00,50,52,low
2025-09-06 16:00:00+00:00,2025-09-06 16:30:00+00:00,49,51,low
2025-09-06 16:30:00+00:00,2025-09-06 17:00:00+00:00,54,55,low
2025-09-06 17:00:00+00:00,2025-09-06 17:30:00+00:00,48,58,low
2025-09-06 17:30:00+00:00,2025-09-06 18:00:00+00:00,48,65,low
2025-09-06 18:00:00+00:00,2025-09-06 18:30:00+00:00,51,63,low
2025-09-06 18:30:00+00:00,2025-09-06 19:00:00+00:00,51,64,low
2025-09-06 19:00:00+00:00,2025-09-06 19:30:00+00:00,48,55,low
2025-09-06 19:30:00+00:00,2025-09-06 20:00:00+00:00,50,51,low
2025-09-06 20:00:00+00:00,2025-09-06 20:30:00+00:00,48,49,low
2025-09-06 20:30:00+00:00,2025-09-06 21:00:00+00:00,48,50,low
2025-09-06 21:00:00+00:00,2025-09-06 21:30:00+00:00,46,55,low
2025-09-06 21:30:00+00:00,2025-09-06 22:00:00+00:00,45,61,low
2025-09-06 22:00:00+00:00,2025-09-06 22:30:00+00:00,49,59,low
2025-09-06 22:30:00+00:00,2025-09-06 23:00:00+00:00,55,64,low
2025-09-06 23:00:00+00:00,2025-09-06 23:30:00+00:00,56,63,low
2025-09-06 23:30:00+00:00,2025-09-07 00:00:00+00:00,55,65,low
2025-09-07 00:00:00+00:00,2025-09-07 00:30:00+00:00,55,76,low
2025-09-07 00:30:00+00:00,2025-09-07 01:00:00+00:00,55,71,low
2025-09-07 01:00:00+00:00,2025-09-07 01:30:00+00:00,64,68,low
2025-09-07 01:30:00+00:00,2025-09-07 02:00:00+00:00,63,67,low
2025-09-07 02:00:00+00:00,2025-09-07 02:30:00+00:00,61,63,low
2025-09-07 02:30:00+00:00,2025-09-07 03:00:00+00:00,60,62,low
2025-09-07 03:00:00+00:00,2025-09-07 03:30:00+00:00,61,64,low
2025-09-07 03:30:00+00:00,2025-09-07 04:00:00+00:00,60,61,low
2025-09-07 04:00:00+00:00,2025-09-07 04:30:00+00:00,61,64,low
2025-09-07 04:30:00+00:00,2025-09-07 05:00:00+00:00,62,68,low
2025-09-07 05:00:00+00:00,2025-09-07 05:30:00+00:00,62,65,low
2025-09-07 05:30:00+00:00,2025-09-07 06:00:00+00:00,63,64,low
2025-09-07 06:00:00+00:00,2025-09-07 06:30:00+00:00,65,69,low
2025-09-07 06:30:00+00:00,2025-09-07 07:00:00+00:00,58,59,low
2025-09-07 07:00:00+00:00,2025-09-07 07:30:00+00:00,59,60,low
2025-09-07 07:30:00+00:00,2025-09-07 08:00:00+00:00,51,67,low
2025-09-07 08:00:00+00:00,2025-09-07 08:30:00+00:00,49,67,low
2025-09-07 08:30:00+00:00,2025-09-07 09:00:00+00:00,60,64,low
2025-09-07 09:00:00+00:00,2025-09-07 09:30:00+00:00,62,63,low
2025-09-07 09:30:00+00:00,2025-09-07 10:00:00+00:00,57,61,low
2025-09-07 10:00:00+00:00,2025-09-07 10:30:00+00:00,62,59,low
2025-09-07 10:30:00+00:00,2025-09-07 11:00:00+00:00,58,58,low
2025-09-07 11:00:00+00:00,2025-09-07 11:30:00+00:00,54,58,low
2025-09-07 11:30:00+00:00,2025-09-07 12:00:00+00:00,56,58,low
2025-09-07 12:00:00+00:00,2025-09-07 12:30:00+00:00,54,58,low
2025-09-07 12:30:00+00:00,2025-09-07 13:00:00+00:00,56,59,low
2025-09-07 13:00:00+00:00,2025-09-07 13:30:00+00:00,57,59,low
2025-09-07 13:30:00+00:00,2025-09-07 14:00:00+00:00,58,64,low
2025-09-07 14:00:00+00:00,2025-09-07 14:30:00+00:00,49,66,low
2025-09-07 14:30:00+00:00,2025-09-07 15:00:00+00:00,54,60,low
2025-09-07 15:00:00+00:00,2025-09-07 15:30:00+00:00,63,63,low
2025-09-07 15:30:00+00:00,2025-09-07 16:00:00+00:00,54,60,low
2025-09-07 16:00:00+00:00,2025-09-07 16:30:00+00:00,57,64,low
2025-09-07 16:30:00+00:00,2025-09-07 17:00:00+00:00,58,70,low
2025-09-07 17:00:00+00:00,2025-09-07 17:30:00+00:00,65,72,low
2025-09-07 17:30:00+00:00,2025-09-07 18:00:00+00:00,73,71,low
2025-09-07 18:00:00+00:00,2025-09-07 18:30:00+00:00,76,76,low
2025-09-07 18:30:00+00:00,2025-09-07 19:00:00+00:00,77,86,low
2025-09-07 19:00:00+00:00,2025-09-07 19:30:00+00:00,84,86,low
2025-09-07 19:30:00+00:00,2025-09-07 20:00:00+00:00,90,82,low
2025-09-07 20:00:00+00:00,2025-09-07 20:30:00+00:00,85,77,low
2025-09-07 20:30:00+00:00,2025-09-07 21:00:00+00:00,81,76,low
2025-09-07 21:00:00+00:00,2025-09-07 21:30:00+00:00,77,71,low
2025-09-07 21:30:00+00:00,2025-09-07 22:00:00+00:00,78,67,low
2025-09-07 22:00:00+00:00,2025-09-07 22:30:00+00:00,72,64,low
2025-09-07 22:30:00+00:00,2025-09-07 23:00:00+00:00,71,63,low
2025-09-07 23:00:00+00:00,2025-09-07 23:30:00+00:00,78,66,low
2025-09-07 23:30:00+00:00,2025-09-08 00:00:00+00:00,83,71,low
2025-09-08 00:00:00+00:00,2025-09-08 00:30:00+00:00,77,74,low
2025-09-08 00:30:00+00:00,2025-09-08 01:00:00+00:00,85,78,low
2025-09-08 01:00:00+00:00,2025-09-08 01:30:00+00:00,83,79,low
2025-09-08 01:30:00+00:00,2025-09-08 02:00:00+00:00,90,82,low
2025-09-08 02:00:00+00:00,2025-09-08 02:30:00+00:00,91,90,low
2025-09-08 02:30:00+00:00,2025-09-08 03:00:00+00:00,102,96,low
2025-09-08 03:00:00+00:00,2025-09-08 03:30:00+00:00,107,105,moderate
2025-09-08 03:30:00+00:00,2025-09-08 04:00:00+00:00,106,110,moderate
2025-09-08 04:00:00+00:00,2025-09-08 04:30:00+00:00,122,119,moderate
2025-09-08 04:30:00+00:00,2025-09-08 05:00:00+00:00,126,129,moderate
2025-09-08 05:00:00+00:00,2025-09-08 05:30:00+00:00,142,145,moderate
2025-09-08 05:30:00+00:00,2025-09-08 06:00:00+00:00,165,159,moderate
2025-09-08 06:00:00+00:00,2025-09-08 06:30:00+00:00,163,160,moderate
2025-09-08 06:30:00+00:00,2025-09-08 07:00:00+00:00,170,156,moderate
2025-09-08 07:00:00+00:00,2025-09-08 07:30:00+00:00,163,147,moderate
2025-09-08 07:30:00+00:00,2025-09-08 08:00:00+00:00,161,137,moderate
2025-09-08 08:00:00+00:00,2025-09-08 08:30:00+00:00,147,125,moderate
2025-09-08 08:30:00+00:00,2025-09-08 09:00:00+00:00,144,109,moderate
2025-09-08 09:00:00+00:00,2025-09-08 09:30:00+00:00,124,98,low
2025-09-08 09:30:00+00:00,2025-09-08 10:00:00+00:00,114,94,low
2025-09-08 10:00:00+00:00,2025-09-08 10:30:00+00:00,94,91,low
2025-09-08 10:30:00+00:00,2025-09-08 11:00:00+00:00,92,89,low
2025-09-08 11:00:00+00:00,2025-09-08 11:30:00+00:00,92,85,low
2025-09-08 11:30:00+00:00,2025-09-08 12:00:00+00:00,91,82,low
2025-09-08 12:00:00+00:00,2025-09-08 12:30:00+00:00,86,80,low
2025-09-08 12:30:00+00:00,2025-09-08 13:00:00+00:00,79,74,low
2025-09-08 13:00:00+00:00,2025-09-08 13:30:00+00:00,87,74,low
2025-09-08 13:30:00+00:00,2025-09-08 14:00:00+00:00,82,94,low
2025-09-08 14:00:00+00:00,2025-09-08 14:30:00+00:00,76,108,moderate
2025-09-08 14:30:00+00:00,2025-09-08 15:00:00+00:00,104,130,moderate
2025-09-08 15:00:00+00:00,2025-09-08 15:30:00+00:00,123,142,moderate
2025-09-08 15:30:00+00:00,2025-09-08 16:00:00+00:00,149,148,moderate
2025-09-08 16:00:00+00:00,2025-09-08 16:30:00+00:00,173,157,moderate
2025-09-08 16:30:00+00:00,2025-09-08 17:00:00+00:00,170,170,moderate
2025-09-08 17:00:00+00:00,2025-09-08 17:30:00+00:00,179,183,high
2025-09-08 17:30:00+00:00,2025-09-08 18:00:00+00:00,187,189,high
2025-09-08 18:00:00+00:00,2025-09-08 18:30:00+00:00,196,191,high
2025-09-08 18:30:00+00:00,2025-09-08 19:00:00+00:00,199,189,high
2025-09-08 19:00:00+00:00,2025-09-08 19:30:00+00:00,195,187,high
2025-09-08 19:30:00+00:00,2025-09-08 20:00:00+00:00,202,184,high
2025-09-08 20:00:00+00:00,2025-09-08 20:30:00+00:00,191,185,high
2025-09-08 20:30:00+00:00,2025-09-08 21:00:00+00:00,188,177,moderate
2025-09-08 21:00:00+00:00,2025-09-08 21:30:00+00:00,177,171,moderate
2025-09-08 21:30:00+00:00,2025-09-08 22:00:00+00:00,167,165,moderate
2025-09-08 22:00:00+00:00,2025-09-08 22:30:00+00:00,165,161,moderate
2025-09-08 22:30:00+00:00,2025-09-08 23:00:00+00:00,169,161,moderate
2025-09-08 23:00:00+00:00,2025-09-08 23:30:00+00:00,163,163,moderate
2025-09-08 23:30:00+00:00,2025-09-09 00:00:00+00:00,166,161,moderate
2025-09-09 00:00:00+00:00,2025-09-09 00:30:00+00:00,172,168,moderate
2025-09-09 00:30:00+00:00,2025-09-09 01:00:00+00:00,176,170,moderate
2025-09-09 01:00:00+00:00,2025-09-09 01:30:00+00:00,176,168,moderate
2025-09-09 01:30:00+00:00,2025-09-09 02:00:00+00:00,177,164,moderate
2025-09-09 02:00:00+00:00,2025-09-09 02:30:00+00:00,175,164,moderate
2025-09-09 02:30:00+00:00,2025-09-09 03:00:00+00:00,170,166,moderate
2025-09-09 03:00:00+00:00,2025-09-09 03:30:00+00:00,170,159,moderate
2025-09-09 03:30:00+00:00,2025-09-09 04:00:00+00:00,175,164,moderate
2025-09-09 04:00:00+00:00,2025-09-09 04:30:00+00:00,168,172,moderate
2025-09-09 04:30:00+00:00,2025-09-09 05:00:00+00:00,172,181,high
2025-09-09 05:00:00+00:00,2025-09-09 05:30:00+00:00,172,187,high
2025-09-09 05:30:00+00:00,2025-09-09 06:00:00+00:00,207,190,high
2025-09-09 06:00:00+00:00,2025-09-09 06:30:00+00:00,208,189,high
2025-09-09 06:30:00+00:00,2025-09-09 07:00:00+00:00,194,179,moderate
2025-09-09 07:00:00+00:00,2025-09-09 07:30:00+00:00,186,165,moderate
2025-09-09 07:30:00+00:00,2025-09-09 08:00:00+00:00,176,151,moderate
2025-09-09 08:00:00+00:00,2025-09-09 08:30:00+00:00,161,142,moderate
2025-09-09 08:30:00+00:00,2025-09-09 09:00:00+00:00,144,129,moderate
2025-09-09 09:00:00+00:00,2025-09-09 09:30:00+00:00,133,119,moderate
2025-09-09 09:30:00+00:00,2025-09-09 10:00:00+00:00,118,117,moderate
2025-09-09 10:00:00+00:00,2025-09-09 10:30:00+00:00,112,115,moderate
2025-09-09 10:30:00+00:00,2025-09-09 11:00:00+00:00,106,114,moderate
2025-09-09 11:00:00+00:00,2025-09-09 11:30:00+00:00,108,111,moderate
2025-09-09 11:30:00+00:00,2025-09-09 12:00:00+00:00,116,95,low
2025-09-09 12:00:00+00:00,2025-09-09 12:30:00+00:00,113,98,low
2025-09-09 12:30:00+00:00,2025-09-09 13:00:00+00:00,96,108,moderate
2025-09-09 13:00:00+00:00,2025-09-09 13:30:00+00:00,99,109,moderate
2025-09-09 13:30:00+00:00,2025-09-09 14:00:00+00:00,96,117,moderate
2025-09-09 14:00:00+00:00,2025-09-09 14:30:00+00:00,100,126,moderate
2025-09-09 14:30:00+00:00,2025-09-09 15:00:00+00:00,133,138,moderate
2025-09-09 15:00:00+00:00,2025-09-09 15:30:00+00:00,134,152,moderate
2025-09-09 15:30:00+00:00,2025-09-09 16:00:00+00:00,162,163,moderate
2025-09-09 16:00:00+00:00,2025-09-09 16:30:00+00:00,172,168,moderate
2025-09-09 16:30:00+00:00,2025-09-09 17:00:00+00:00,177,171,moderate
2025-09-09 17:00:00+00:00,2025-09-09 17:30:00+00:00,169,176,moderate
2025-09-09 17:30:00+00:00,2025-09-09 18:00:00+00:00,174,179,moderate
2025-09-09 18:00:00+00:00,2025-09-09 18:30:00+00:00,172,177,moderate
2025-09-09 18:30:00+00:00,2025-09-09 19:00:00+00:00,189,168,moderate
2025-09-09 19:00:00+00:00,2025-09-09 19:30:00+00:00,181,152,moderate
2025-09-09 19:30:00+00:00,2025-09-09 20:00:00+00:00,165,138,moderate
2025-09-09 20:00:00+00:00,2025-09-09 20:30:00+00:00,153,121,moderate
2025-09-09 20:30:00+00:00,2025-09-09 21:00:00+00:00,136,105,moderate
2025-09-09 21:00:00+00:00,2025-09-09 21:30:00+00:00,128,89,low
2025-09-09 21:30:00+00:00,2025-09-09 22:00:00+00:00,114,65,low
2025-09-09 22:00:00+00:00,2025-09-09 22:30:00+00:00,124,63,low
2025-09-09 22:30:00+00:00,2025-09-09 23:00:00+00:00,83,65,low
2025-09-09 23:00:00+00:00,2025-09-09 23:30:00+00:00,67,62,low
2025-09-09 23:30:00+00:00,2025-09-10 00:00:00+00:00,68,62,low
2025-09-10 00:00:00+00:00,2025-09-10 00:30:00+00:00,61,60,low
2025-09-10 00:30:00+00:00,2025-09-10 01:00:00+00:00,61,60,low
2025-09-10 01:00:00+00:00,2025-09-10 01:30:00+00:00,60,61,low
2025-09-10 01:30:00+00:00,2025-09-10 02:00:00+00:00,64,64,low
2025-09-10 02:00:00+00:00,2025-09-10 02:30:00+00:00,64,62,low
2025-09-10 02:30:00+00:00,2025-09-10 03:00:00+00:00,64,61,low
2025-09-10 03:00:00+00:00,2025-09-10 03:30:00+00:00,63,60,low
2025-09-10 03:30:00+00:00,2025-09-10 04:00:00+00:00,63,59,low
2025-09-10 04:00:00+00:00,2025-09-10 04:30:00+00:00,63,60,low
2025-09-10 04:30:00+00:00,2025-09-10 05:00:00+00:00,62,66,low
2025-09-10 05:00:00+00:00,2025-09-10 05:30:00+00:00,62,74,low
2025-09-10 05:30:00+00:00,2025-09-10 06:00:00+00:00,68,85,low
2025-09-10 06:00:00+00:00,2025-09-10 06:30:00+00:00,72,90,low
2025-09-10 06:30:00+00:00,2025-09-10 07:00:00+00:00,78,81,low
2025-09-10 07:00:00+00:00,2025-09-10 07:30:00+00:00,83,76,low
2025-09-10 07:30:00+00:00,2025-09-10 08:00:00+00:00,73,65,low
2025-09-10 08:00:00+00:00,2025-09-10 08:30:00+00:00,66,55,low
2025-09-10 08:30:00+00:00,2025-09-10 09:00:00+00:00,60,50,low
2025-09-10 09:00:00+00:00,2025-09-10 09:30:00+00:00,51,47,low
2025-09-10 09:30:00+00:00,2025-09-10 10:00:00+00:00,44,47,low
2025-09-10 10:00:00+00:00,2025-09-10 10:30:00+00:00,42,45,low
2025-09-10 10:30:00+00:00,2025-09-10 11:00:00+00:00,42,45,low
2025-09-10 11:00:00+00:00,2025-09-10 11:30:00+00:00,42,43,low
2025-09-10 11:30:00+00:00,2025-09-10 12:00:00+00:00,41,43,low
2025-09-10 12:00:00+00:00,2025-09-10 12:30:00+00:00,39,44,low
2025-09-10 12:30:00+00:00,2025-09-10 13:00:00+00:00,40,44,low
2025-09-10 13:00:00+00:00,2025-09-10 13:30:00+00:00,38,46,low
2025-09-10 13:30:00+00:00,2025-09-10 14:00:00+00:00,39,48,low
2025-09-10 14:00:00+00:00,2025-09-10 14:30:00+00:00,44,52,low
2025-09-10 14:30:00+00:00,2025-09-10 15:00:00+00:00,47,60,low
2025-09-10 15:00:00+00:00,2025-09-10 15:30:00+00:00,52,67,low
2025-09-10 15:30:00+00:00,2025-09-10 16:00:00+00:00,57,68,low
2025-09-10 16:00:00+00:00,2025-09-10 16:30:00+00:00,62,76,low
2025-09-10 16:30:00+00:00,2025-09-10 17:00:00+00:00,66,83,low
2025-09-10 17:00:00+00:00,2025-09-10 17:30:00+00:00,75,84,low
2025-09-10 17:30:00+00:00,2025-09-10 18:00:00+00:00,82,87,low
2025-09-10 18:00:00+00:00,2025-09-10 18:30:00+00:00,83,90,low
2025-09-10 18:30:00+00:00,2025-09-10 19:00:00+00:00,83,87,low
2025-09-10 19:00:00+00:00,2025-09-10 19:30:00+00:00,87,81,low
2025-09-10 19:30:00+00:00,2025-09-10 20:00:00+00:00,85,70,low
2025-09-10 20:00:00+00:00,2025-09-10 20:30:00+00:00,79,61,low
2025-09-10 20:30:00+00:00,2025-09-10 21:00:00+00:00,68,61,low
2025-09-10 21:00:00+00:00,2025-09-10 21:30:00+00:00,62,55,low
2025-09-10 21:30:00+00:00,2025-09-10 22:00:00+00:00,59,61,low
2025-09-10 22:00:00+00:00,2025-09-10 22:30:00+00:00,54,56,low
2025-09-10 22:30:00+00:00,2025-09-10 23:00:00+00:00,56,56,low
2025-09-10 23:00:00+00:00,2025-09-10 23:30:00+00:00,57,54,low
2025-09-10 23:30:00+00:00,2025-09-11 00:00:00+00:00,57,53,low
2025-09-11 00:00:00+00:00,2025-09-11 00:30:00+00:00,53,52,low
2025-09-11 00:30:00+00:00,2025-09-11 01:00:00+00:00,56,51,low
2025-09-11 01:00:00+00:00,2025-09-11 01:30:00+00:00,54,51,low
2025-09-11 01:30:00+00:00,2025-09-11 02:00:00+00:00,51,52,low
2025-09-11 02:00:00+00:00,2025-09-11 02:30:00+00:00,49,51,low
2025-09-11 02:30:00+00:00,2025-09-11 03:00:00+00:00,51,55,low
2025-09-11 03:00:00+00:00,2025-09-11 03:30:00+00:00,50,53,low
2025-09-11 03:30:00+00:00,2025-09-11 04:00:00+00:00,52,52,low
2025-09-11 04:00:00+00:00,2025-09-11 04:30:00+00:00,53,56,low
2025-09-11 04:30:00+00:00,2025-09-11 05:00:00+00:00,52,63,low
2025-09-11 05:00:00+00:00,2025-09-11 05:30:00+00:00,51,67,low
2025-09-11 05:30:00+00:00,2025-09-11 06:00:00+00:00,60,71,low
2025-09-11 06:00:00+00:00,2025-09-11 06:30:00+00:00,63,73,low
2025-09-11 06:30:00+00:00,2025-09-11 07:00:00+00:00,61,63,low
2025-09-11 07:00:00+00:00,2025-09-11 07:30:00+00:00,57,54,low
2025-09-11 07:30:00+00:00,2025-09-11 08:00:00+00:00,53,46,low
2025-09-11 08:00:00+00:00,2025-09-11 08:30:00+00:00,47,40,low
2025-09-11 08:30:00+00:00,2025-09-11 09:00:00+00:00,39,48,low
2025-09-11 09:00:00+00:00,2025-09-11 09:30:00+00:00,36,46,low
2025-09-11 09:30:00+00:00,2025-09-11 10:00:00+00:00,34,39,low
2025-09-11 10:00:00+00:00,2025-09-11 10:30:00+00:00,36,38,low
2025-09-11 10:30:00+00:00,2025-09-11 11:00:00+00:00,34,39,low
2025-09-11 11:00:00+00:00,2025-09-11 11:30:00+00:00,33,39,low
2025-09-11 11:30:00+00:00,2025-09-11 12:00:00+00:00,33,38,low
2025-09-11 12:00:00+00:00,2025-09-11 12:30:00+00:00,32,38,low
2025-09-11 12:30:00+00:00,2025-09-11 13:00:00+00:00,32,37,low
2025-09-11 13:00:00+00:00,2025-09-11 13:30:00+00:00,32,38,low
2025-09-11 13:30:00+00:00,2025-09-11 14:00:00+00:00,32,41,low
2025-09-11 14:00:00+00:00,2025-09-11 14:30:00+00:00,36,42,low
2025-09-11 14:30:00+00:00,2025-09-11 15:00:00+00:00,41,50,low
2025-09-11 15:00:00+00:00,2025-09-11 15:30:00+00:00,40,60,low
2025-09-11 15:30:00+00:00,2025-09-11 16:00:00+00:00,48,69,low
2025-09-11 16:00:00+00:00,2025-09-11 16:30:00+00:00,61,69,low
2025-09-11 16:30:00+00:00,2025-09-11 17:00:00+00:00,72,81,low
2025-09-11 17:00:00+00:00,2025-09-11 17:30:00+00:00,70,89,low
2025-09-11 17:30:00+00:00,2025-09-11 18:00:00+00:00,79,91,low
2025-09-11 18:00:00+00:00,2025-09-11 18:30:00+00:00,96,87,low
2025-09-11 18:30:00+00:00,2025-09-11 19:00:00+00:00,87,80,low
2025-09-11 19:00:00+00:00,2025-09-11 19:30:00+00:00,88,75,low
2025-09-11 19:30:00+00:00,2025-09-11 20:00:00+00:00,79,73,low
2025-09-11 20:00:00+00:00,2025-09-11 20:30:00+00:00,66,61,low
2025-09-11 20:30:00+00:00,2025-09-11 21:00:00+00:00,65,59,low
2025-09-11 21:00:00+00:00,2025-09-11 21:30:00+00:00,58,51,low
2025-09-11 21:30:00+00:00,2025-09-11 22:00:00+00:00,54,50,low
2025-09-11 22:00:00+00:00,2025-09-11 22:30:00+00:00,49,49,low
2025-09-11 22:30:00+00:00,2025-09-11 23:00:00+00:00,49,52,low
2025-09-11 23:00:00+00:00,2025-09-11 23:30:00+00:00,49,51,low
2025-09-11 23:30:00+00:00,2025-09-12 00:00:00+00:00,50,54,low
2025-09-12 00:00:00+00:00,2025-09-12 00:30:00+00:00,50,52,low
2025-09-12 00:30:00+00:00,2025-09-12 01:00:00+00:00,48,52,low
2025-09-12 01:00:00+00:00,2025-09-12 01:30:00+00:00,47,50,low
2025-09-12 01:30:00+00:00,2025-09-12 02:00:00+00:00,50,53,low
2025-09-12 02:00:00+00:00,2025-09-12 02:30:00+00:00,50,53,low
2025-09-12 02:30:00+00:00,2025-09-12 03:00:00+00:00,50,54,low
2025-09-12 03:00:00+00:00,2025-09-12 03:30:00+00:00,51,54,low
2025-09-12 03:30:00+00:00,2025-09-12 04:00:00+00:00,52,52,low
2025-09-12 04:00:00+00:00,2025-09-12 04:30:00+00:00,50,53,low
2025-09-12 04:30:00+00:00,2025-09-12 05:00:00+00:00,51,58,low
2025-09-12 05:00:00+00:00,2025-09-12 05:30:00+00:00,53,72,low
2025-09-12 05:30:00+00:00,2025-09-12 06:00:00+00:00,57,79,low
2025-09-12 06:00:00+00:00,2025-09-12 06:30:00+00:00,68,81,low
2025-09-12 06:30:00+00:00,2025-09-12 07:00:00+00:00,74,70,low
2025-09-12 07:00:00+00:00,2025-09-12 07:30:00+00:00,72,59,low
2025-09-12 07:30:00+00:00,2025-09-12 08:00:00+00:00,61,55,low
2025-09-12 08:00:00+00:00,2025-09-12 08:30:00+00:00,53,46,low
2025-09-12 08:30:00+00:00,2025-09-12 09:00:00+00:00,50,45,low
2025-09-12 09:00:00+00:00,2025-09-12 09:30:00+00:00,41,42,low
2025-09-12 09:30:00+00:00,2025-09-12 10:00:00+00:00,37,45,low
2025-09-12 10:00:00+00:00,2025-09-12 10:30:00+00:00,37,43,low
2025-09-12 10:30:00+00:00,2025-09-12 11:00:00+00:00,39,39,low
2025-09-12 11:00:00+00:00,2025-09-12 11:30:00+00:00,40,35,low
2025-09-12 11:30:00+00:00,2025-09-12 12:00:00+00:00,34,35,low
2025-09-12 12:00:00+00:00,2025-09-12 12:30:00+00:00,32,34,low
2025-09-12 12:30:00+00:00,2025-09-12 13:00:00+00:00,30,34,low
2025-09-12 13:00:00+00:00,2025-09-12 13:30:00+00:00,31,35,low
2025-09-12 13:30:00+00:00,2025-09-12 14:00:00+00:00,31,39,low
2025-09-12 14:00:00+00:00,2025-09-12 14:30:00+00:00,30,43,low
2025-09-12 14:30:00+00:00,2025-09-12 15:00:00+00:00,35,51,low
2025-09-12 15:00:00+00:00,2025-09-12 15:30:00+00:00,41,65,low
2025-09-12 15:30:00+00:00,2025-09-12 16:00:00+00:00,55,76,low
2025-09-12 16:00:00+00:00,2025-09-12 16:30:00+00:00,63,87,low
2025-09-12 16:30:00+00:00,2025-09-12 17:00:00+00:00,85,87,low
2025-09-12 17:00:00+00:00,2025-09-12 17:30:00+00:00,100,102,moderate
2025-09-12 17:30:00+00:00,2025-09-12 18:00:00+00:00,100,116,moderate
2025-09-12 18:00:00+00:00,2025-09-12 18:30:00+00:00,116,126,moderate
2025-09-12 18:30:00+00:00,2025-09-12 19:00:00+00:00,116,125,moderate
2025-09-12 19:00:00+00:00,2025-09-12 19:30:00+00:00,124,117,moderate
2025-09-12 19:30:00+00:00,2025-09-12 20:00:00+00:00,124,101,moderate
2025-09-12 20:00:00+00:00,2025-09-12 20:30:00+00:00,114,83,low
2025-09-12 20:30:00+00:00,2025-09-12 21:00:00+00:00,89,69,low
2025-09-12 21:00:00+00:00,2025-09-12 21:30:00+00:00,69,65,low
2025-09-12 21:30:00+00:00,2025-09-12 22:00:00+00:00,57,61,low
2025-09-12 22:00:00+00:00,2025-09-12 22:30:00+00:00,52,61,low
2025-09-12 22:30:00+00:00,2025-09-12 23:00:00+00:00,60,62,low
2025-09-12 23:00:00+00:00,2025-09-12 23:30:00+00:00,59,60,low
2025-09-12 23:30:00+00:00,2025-09-13 00:00:00+00:00,61,62,low
2025-09-13 00:00:00+00:00,2025-09-13 00:30:00+00:00,61,61,low
2025-09-13 00:30:00+00:00,2025-09-13 01:00:00+00:00,62,64,low
2025-09-13 01:00:00+00:00,2025-09-13 01:30:00+00:00,64,60,low
2025-09-13 01:30:00+00:00,2025-09-13 02:00:00+00:00,65,61,low
2025-09-13 02:00:00+00:00,2025-09-13 02:30:00+00:00,65,64,low
2025-09-13 02:30:00+00:00,2025-09-13 03:00:00+00:00,64,65,low
2025-09-13 03:00:00+00:00,2025-09-13 03:30:00+00:00,67,64,low
2025-09-13 03:30:00+00:00,2025-09-13 04:00:00+00:00,69,66,low
2025-09-13 04:00:00+00:00,2025-09-13 04:30:00+00:00,67,66,low
2025-09-13 04:30:00+00:00,2025-09-13 05:00:00+00:00,68,64,low
2025-09-13 05:00:00+00:00,2025-09-13 05:30:00+00:00,65,68,low
2025-09-13 05:30:00+00:00,2025-09-13 06:00:00+00:00,67,70,low
2025-09-13 06:00:00+00:00,2025-09-13 06:30:00+00:00,69,70,low
2025-09-13 06:30:00+00:00,2025-09-13 07:00:00+00:00,70,67,low
2025-09-13 07:00:00+00:00,2025-09-13 07:30:00+00:00,63,61,low
2025-09-13 07:30:00+00:00,2025-09-13 08:00:00+00:00,61,60,low
2025-09-13 08:00:00+00:00,2025-09-13 08:30:00+00:00,52,56,low
2025-09-13 08:30:00+00:00,2025-09-13 09:00:00+00:00,59,62,low
2025-09-13 09:00:00+00:00,2025-09-13 09:30:00+00:00,57,57,low
2025-09-13 09:30:00+00:00,2025-09-13 10:00:00+00:00,60,56,low
2025-09-13 10:00:00+00:00,2025-09-13 10:30:00+00:00,53,58,low
2025-09-13 10:30:00+00:00,2025-09-13 11:00:00+00:00,52,53,low
2025-09-13 11:00:00+00:00,2025-09-13 11:30:00+00:00,52,52,low
2025-09-13 11:30:00+00:00,2025-09-13 12:00:00+00:00,49,60,low
2025-09-13 12:00:00+00:00,2025-09-13 12:30:00+00:00,41,58,low
2025-09-13 12:30:00+00:00,2025-09-13 13:00:00+00:00,53,56,low
2025-09-13 13:00:00+00:00,2025-09-13 13:30:00+00:00,49,55,low
2025-09-13 13:30:00+00:00,2025-09-13 14:00:00+00:00,45,51,low
2025-09-13 14:00:00+00:00,2025-09-13 14:30:00+00:00,53,51,low
2025-09-13 14:30:00+00:00,2025-09-13 15:00:00+00:00,55,58,low
2025-09-13 15:00:00+00:00,2025-09-13 15:30:00+00:00,51,65,low
2025-09-13 15:30:00+00:00,2025-09-13 16:00:00+00:00,73,79,low
2025-09-13 16:00:00+00:00,2025-09-13 16:30:00+00:00,104,92,low
2025-09-13 16:30:00+00:00,2025-09-13 17:00:00+00:00,97,102,moderate
2025-09-13 17:00:00+00:00,2025-09-13 17:30:00+00:00,112,119,moderate
2025-09-13 17:30:00+00:00,2025-09-13 18:00:00+00:00,118,132,moderate
2025-09-13 18:00:00+00:00,2025-09-13 18:30:00+00:00,120,139,moderate
2025-09-13 18:30:00+00:00,2025-09-13 19:00:00+00:00,134,134,moderate
2025-09-13 19:00:00+00:00,2025-09-13 19:30:00+00:00,134,129,moderate
2025-09-13 19:30:00+00:00,2025-09-13 20:00:00+00:00,130,131,moderate
2025-09-13 20:00:00+00:00,2025-09-13 20:30:00+00:00,139,123,moderate
2025-09-13 20:30:00+00:00,2025-09-13 21:00:00+00:00,139,109,moderate
2025-09-13 21:00:00+00:00,2025-09-13 21:30:00+00:00,120,99,low
2025-09-13 21:30:00+00:00,2025-09-13 22:00:00+00:00,108,91,low
2025-09-13 22:00:00+00:00,2025-09-13 22:30:00+00:00,98,87,low
2025-09-13 22:30:00+00:00,2025-09-13 23:00:00+00:00,96,83,low
2025-09-13 23:00:00+00:00,2025-09-13 23:30:00+00:00,106,83,low
2025-09-13 23:30:00+00:00,2025-09-14 00:00:00+00:00,107,93,low
2025-09-14 00:00:00+00:00,2025-09-14 00:30:00+00:00,93,97,low
2025-09-14 00:30:00+00:00,2025-09-14 01:00:00+00:00,95,91,low
2025-09-14 01:00:00+00:00,2025-09-14 01:30:00+00:00,104,91,low
2025-09-14 01:30:00+00:00,2025-09-14 02:00:00+00:00,100,97,low
2025-09-14 02:00:00+00:00,2025-09-14 02:30:00+00:00,101,105,moderate
2025-09-14 02:30:00+00:00,2025-09-14 03:00:00+00:00,101,109,moderate
2025-09-14 03:00:00+00:00,2025-09-14 03:30:00+00:00,116,115,moderate
2025-09-14 03:30:00+00:00,2025-09-14 04:00:00+00:00,117,116,moderate
2025-09-14 04:00:00+00:00,2025-09-14 04:30:00+00:00,129,118,moderate
2025-09-14 04:30:00+00:00,2025-09-14 05:00:00+00:00,130,118,moderate
2025-09-14 05:00:00+00:00,2025-09-14 05:30:00+00:00,133,122,moderate
2025-09-14 05:30:00+00:00,2025-09-14 06:00:00+00:00,146,135,moderate
2025-09-14 06:00:00+00:00,2025-09-14 06:30:00+00:00,127,131,moderate
2025-09-14 06:30:00+00:00,2025-09-14 07:00:00+00:00,145,131,moderate
2025-09-14 07:00:00+00:00,2025-09-14 07:30:00+00:00,138,125,moderate
2025-09-14 07:30:00+00:00,2025-09-14 08:00:00+00:00,147,127,moderate
2025-09-14 08:00:00+00:00,2025-09-14 08:30:00+00:00,130,124,moderate
2025-09-14 08:30:00+00:00,2025-09-14 09:00:00+00:00,131,127,moderate
2025-09-14 09:00:00+00:00,2025-09-14 09:30:00+00:00,132,119,moderate
2025-09-14 09:30:00+00:00,2025-09-14 10:00:00+00:00,124,118,moderate
2025-09-14 10:00:00+00:00,2025-09-14 10:30:00+00:00,115,109,moderate
2025-09-14 10:30:00+00:00,2025-09-14 11:00:00+00:00,108,105,moderate
2025-09-14 11:00:00+00:00,2025-09-14 11:30:00+00:00,98,100,moderate
2025-09-14 11:30:00+00:00,2025-09-14 12:00:00+00:00,105,91,low
2025-09-14 12:00:00+00:00,2025-09-14 12:30:00+00:00,95,83,low
2025-09-14 12:30:00+00:00,2025-09-14 13:00:00+00:00,81,83,low
2025-09-14 13:00:00+00:00,2025-09-14 13:30:00+00:00,80,78,low
2025-09-14 13:30:00+00:00,2025-09-14 14:00:00+00:00,76,77,low
2025-09-14 14:00:00+00:00,2025-09-14 14:30:00+00:00,72,72,low
2025-09-14 14:30:00+00:00,2025-09-14 15:00:00+00:00,62,77,low
2025-09-14 15:00:00+00:00,2025-09-14 15:30:00+00:00,61,78,low
2025-09-14 15:30:00+00:00,2025-09-14 16:00:00+00:00,63,78,low
2025-09-14 16:00:00+00:00,2025-09-14 16:30:00+00:00,69,69,low
2025-09-14 16:30:00+00:00,2025-09-14 17:00:00+00:00,66,68,low
2025-09-14 17:00:00+00:00,2025-09-14 17:30:00+00:00,65,72,low
2025-09-14 17:30:00+00:00,2025-09-14 18:00:00+00:00,64,73,low
2025-09-14 18:00:00+00:00,2025-09-14 18:30:00+00:00,73,75,low
2025-09-14 18:30:00+00:00,2025-09-14 19:00:00+00:00,76,78,low
2025-09-14 19:00:00+00:00,2025-09-14 19:30:00+00:00,73,75,low
2025-09-14 19:30:00+00:00,2025-09-14 20:00:00+00:00,72,70,low
2025-09-14 20:00:00+00:00,2025-09-14 20:30:00+00:00,75,68,low
2025-09-14 20:30:00+00:00,2025-09-14 21:00:00+00:00,68,67,low
2025-09-14 21:00:00+00:00,2025-09-14 21:30:00+00:00,72,63,low
2025-09-14 21:30:00+00:00,2025-09-14 22:00:00+00:00,67,54,low
2025-09-14 22:00:00+00:00,2025-09-14 22:30:00+00:00,66,56,low
2025-09-14 22:30:00+00:00,2025-09-14 23:00:00+00:00,55,57,low
2025-09-14 23:00:00+00:00,2025-09-14 23:30:00+00:00,57,54,low
2025-09-14 23:30:00+00:00,2025-09-15 00:00:00+00:00,60,56,low
2025-09-15 00:00:00+00:00,2025-09-15 00:30:00+00:00,56,57,low
2025-09-15 00:30:00+00:00,2025-09-15 01:00:00+00:00,57,57,low
2025-09-15 01:00:00+00:00,2025-09-15 01:30:00+00:00,56,57,low
2025-09-15 01:30:00+00:00,2025-09-15 02:00:00+00:00,55,59,low
2025-09-15 02:00:00+00:00,2025-09-15 02:30:00+00:00,59,61,low
2025-09-15 02:30:00+00:00,2025-09-15 03:00:00+00:00,56,62,low
2025-09-15 03:00:00+00:00,2025-09-15 03:30:00+00:00,58,62,low
2025-09-15 03:30:00+00:00,2025-09-15 04:00:00+00:00,61,62,low
2025-09-15 04:00:00+00:00,2025-09-15 04:30:00+00:00,62,63,low
2025-09-15 04:30:00+00:00,2025-09-15 05:00:00+00:00,63,62,low
2025-09-15 05:00:00+00:00,2025-09-15 05:30:00+00:00,61,69,low
2025-09-15 05:30:00+00:00,2025-09-15 06:00:00+00:00,59,71,low
2025-09-15 06:00:00+00:00,2025-09-15 06:30:00+00:00,59,68,low
2025-09-15 06:30:00+00:00,2025-09-15 07:00:00+00:00,60,58,low
2025-09-15 07:00:00+00:00,2025-09-15 07:30:00+00:00,56,47,low
2025-09-15 07:30:00+00:00,2025-09-15 08:00:00+00:00,48,40,low
2025-09-15 08:00:00+00:00,2025-09-15 08:30:00+00:00,41,38,low
2025-09-15 08:30:00+00:00,2025-09-15 09:00:00+00:00,36,41,low
2025-09-15 09:00:00+00:00,2025-09-15 09:30:00+00:00,33,39,low
2025-09-15 09:30:00+00:00,2025-09-15 10:00:00+00:00,37,40,low
2025-09-15 10:00:00+00:00,2025-09-15 10:30:00+00:00,36,41,low
2025-09-15 10:30:00+00:00,2025-09-15 11:00:00+00:00,35,39,low
2025-09-15 11:00:00+00:00,2025-09-15 11:30:00+00:00,35,37,low
2025-09-15 11:30:00+00:00,2025-09-15 12:00:00+00:00,34,38,low
2025-09-15 12:00:00+00:00,2025-09-15 12:30:00+00:00,35,38,low
2025-09-15 12:30:00+00:00,2025-09-15 13:00:00+00:00,34,39,low
2025-09-15 13:00:00+00:00,2025-09-15 13:30:00+00:00,35,38,low
2025-09-15 13:30:00+00:00,2025-09-15 14:00:00+00:00,35,40,low
2025-09-15 14:00:00+00:00,2025-09-15 14:30:00+00:00,38,41,low
2025-09-15 14:30:00+00:00,2025-09-15 15:00:00+00:00,41,50,low
2025-09-15 15:00:00+00:00,2025-09-15 15:30:00+00:00,42,58,low
2025-09-15 15:30:00+00:00,2025-09-15 16:00:00+00:00,46,63,low
2025-09-15 16:00:00+00:00,2025-09-15 16:30:00+00:00,52,65,low
2025-09-15 16:30:00+00:00,2025-09-15 17:00:00+00:00,59,65,low
2025-09-15 17:00:00+00:00,2025-09-15 17:30:00+00:00,62,67,low
2025-09-15 17:30:00+00:00,2025-09-15 18:00:00+00:00,63,64,low
2025-09-15 18:00:00+00:00,2025-09-15 18:30:00+00:00,64,65,low
2025-09-15 18:30:00+00:00,2025-09-15 19:00:00+00:00,63,61,low
2025-09-15 19:00:00+00:00,2025-09-15 19:30:00+00:00,64,58,low
2025-09-15 19:30:00+00:00,2025-09-15 20:00:00+00:00,60,55,low
2025-09-15 20:00:00+00:00,2025-09-15 20:30:00+00:00,59,55,low
2025-09-15 20:30:00+00:00,2025-09-15 21:00:00+00:00,54,54,low
2025-09-15 21:00:00+00:00,2025-09-15 21:30:00+00:00,53,55,low
2025-09-15 21:30:00+00:00,2025-09-15 22:00:00+00:00,52,56,low
2025-09-15 22:00:00+00:00,2025-09-15 22:30:00+00:00,53,54,low
2025-09-15 22:30:00+00:00,2025-09-15 23:00:00+00:00,54,58,low
2025-09-15 23:00:00+00:00,2025-09-15 23:30:00+00:00,56,55,low
2025-09-15 23:30:00+00:00,2025-09-16 00:00:00+00:00,57,58,low
2025-09-16 00:00:00+00:00,2025-09-16 00:30:00+00:00,53,59,low
2025-09-16 00:30:00+00:00,2025-09-16 01:00:00+00:00,54,60,low
2025-09-16 01:00:00+00:00,2025-09-16 01:30:00+00:00,54,59,low
2025-09-16 01:30:00+00:00,2025-09-16 02:00:00+00:00,56,59,low
2025-09-16 02:00:00+00:00,2025-09-16 02:30:00+00:00,57,59,low
2025-09-16 02:30:00+00:00,2025-09-16 03:00:00+00:00,57,60,low
2025-09-16 03:00:00+00:00,2025-09-16 03:30:00+00:00,56,60,low
2025-09-16 03:30:00+00:00,2025-09-16 04:00:00+00:00,57,57,low
2025-09-16 04:00:00+00:00,2025-09-16 04:30:00+00:00,57,57,low
2025-09-16 04:30:00+00:00,2025-09-16 05:00:00+00:00,55,52,low
2025-09-16 05:00:00+00:00,2025-09-16 05:30:00+00:00,55,64,low
2025-09-16 05:30:00+00:00,2025-09-16 06:00:00+00:00,53,67,low
2025-09-16 06:00:00+00:00,2025-09-16 06:30:00+00:00,54,75,low
2025-09-16 06:30:00+00:00,2025-09-16 07:00:00+00:00,58,72,low
2025-09-16 07:00:00+00:00,2025-09-16 07:30:00+00:00,60,69,low
2025-09-16 07:30:00+00:00,2025-09-16 08:00:00+00:00,65,58,low
2025-09-16 08:00:00+00:00,2025-09-16 08:30:00+00:00,62,57,low
2025-09-16 08:30:00+00:00,2025-09-16 09:00:00+00:00,54,59,low
2025-09-16 09:00:00+00:00,2025-09-16 09:30:00+00:00,52,55,low
2025-09-16 09:30:00+00:00,2025-09-16 10:00:00+00:00,54,55,low
2025-09-16 10:00:00+00:00,2025-09-16 10:30:00+00:00,55,55,low
2025-09-16 10:30:00+00:00,2025-09-16 11:00:00+00:00,52,59,low
2025-09-16 11:00:00+00:00,2025-09-16 11:30:00+00:00,52,57,low
2025-09-16 11:30:00+00:00,2025-09-16 12:00:00+00:00,51,60,low
2025-09-16 12:00:00+00:00,2025-09-16 12:30:00+00:00,53,58,low
2025-09-16 12:30:00+00:00,2025-09-16 13:00:00+00:00,56,55,low
2025-09-16 13:00:00+00:00,2025-09-16 13:30:00+00:00,56,56,low
2025-09-16 13:30:00+00:00,2025-09-16 14:00:00+00:00,53,53,low
2025-09-16 14:00:00+00:00,2025-09-16 14:30:00+00:00,57,54,low
2025-09-16 14:30:00+00:00,2025-09-16 15:00:00+00:00,55,62,low
2025-09-16 15:00:00+00:00,2025-09-16 15:30:00+00:00,58,70,low
2025-09-16 15:30:00+00:00,2025-09-16 16:00:00+00:00,66,77,low
2025-09-16 16:00:00+00:00,2025-09-16 16:30:00+00:00,80,93,low
2025-09-16 16:30:00+00:00,2025-09-16 17:00:00+00:00,89,107,moderate
2025-09-16 17:00:00+00:00,2025-09-16 17:30:00+00:00,103,122,moderate
2025-09-16 17:30:00+00:00,2025-09-16 18:00:00+00:00,114,125,moderate
2025-09-16 18:00:00+00:00,2025-09-16 18:30:00+00:00,123,122,moderate
2025-09-16 18:30:00+00:00,2025-09-16 19:00:00+00:00,127,118,moderate
2025-09-16 19:00:00+00:00,2025-09-16 19:30:00+00:00,127,115,moderate
2025-09-16 19:30:00+00:00,2025-09-16 20:00:00+00:00,121,106,moderate
2025-09-16 20:00:00+00:00,2025-09-16 20:30:00+00:00,114,105,moderate
2025-09-16 20:30:00+00:00,2025-09-16 21:00:00+00:00,99,99,low
2025-09-16 21:00:00+00:00,2025-09-16 21:30:00+00:00,103,89,low
2025-09-16 21:30:00+00:00,2025-09-16 22:00:00+00:00,104,84,low
2025-09-16 22:00:00+00:00,2025-09-16 22:30:00+00:00,97,83,low
2025-09-16 22:30:00+00:00,2025-09-16 23:00:00+00:00,89,86,low
2025-09-16 23:00:00+00:00,2025-09-16 23:30:00+00:00,87,86,low
2025-09-16 23:30:00+00:00,2025-09-17 00:00:00+00:00,89,86,low
2025-09-17 00:00:00+00:00,2025-09-17 00:30:00+00:00,82,92,low
2025-09-17 00:30:00+00:00,2025-09-17 01:00:00+00:00,79,88,low
2025-09-17 01:00:00+00:00,2025-09-17 01:30:00+00:00,83,89,low
2025-09-17 01:30:00+00:00,2025-09-17 02:00:00+00:00,83,90,low
2025-09-17 02:00:00+00:00,2025-09-17 02:30:00+00:00,82,87,low
2025-09-17 02:30:00+00:00,2025-09-17 03:00:00+00:00,78,90,low
2025-09-17 03:00:00+00:00,2025-09-17 03:30:00+00:00,69,86,low
2025-09-17 03:30:00+00:00,2025-09-17 04:00:00+00:00,77,81,low
2025-09-17 04:00:00+00:00,2025-09-17 04:30:00+00:00,77,78,low
2025-09-17 04:30:00+00:00,2025-09-17 05:00:00+00:00,93,96,low
2025-09-17 05:00:00+00:00,2025-09-17 05:30:00+00:00,80,91,low
2025-09-17 05:30:00+00:00,2025-09-17 06:00:00+00:00,86,94,low
2025-09-17 06:00:00+00:00,2025-09-17 06:30:00+00:00,80,100,moderate
2025-09-17 06:30:00+00:00,2025-09-17 07:00:00+00:00,89,95,low
2025-09-17 07:00:00+00:00,2025-09-17 07:30:00+00:00,85,86,low
2025-09-17 07:30:00+00:00,2025-09-17 08:00:00+00:00,77,78,low
2025-09-17 08:00:00+00:00,2025-09-17 08:30:00+00:00,70,70,low
2025-09-17 08:30:00+00:00,2025-09-17 09:00:00+00:00,57,60,low
2025-09-17 09:00:00+00:00,2025-09-17 09:30:00+00:00,61,58,low
2025-09-17 09:30:00+00:00,2025-09-17 10:00:00+00:00,49,56,low
2025-09-17 10:00:00+00:00,2025-09-17 10:30:00+00:00,51,54,low
2025-09-17 10:30:00+00:00,2025-09-17 11:00:00+00:00,50,53,low
2025-09-17 11:00:00+00:00,2025-09-17 11:30:00+00:00,48,54,low
2025-09-17 11:30:00+00:00,2025-09-17 12:00:00+00:00,50,52,low
2025-09-17 12:00:00+00:00,2025-09-17 12:30:00+00:00,52,51,low
2025-09-17 12:30:00+00:00,2025-09-17 13:00:00+00:00,49,50,low
2025-09-17 13:00:00+00:00,2025-09-17 13:30:00+00:00,50,50,low
2025-09-17 13:30:00+00:00,2025-09-17 14:00:00+00:00,47,49,low
2025-09-17 14:00:00+00:00,2025-09-17 14:30:00+00:00,48,51,low
2025-09-17 14:30:00+00:00,2025-09-17 15:00:00+00:00,48,53,low
2025-09-17 15:00:00+00:00,2025-09-17 15:30:00+00:00,53,57,low
2025-09-17 15:30:00+00:00,2025-09-17 16:00:00+00:00,56,66,low
2025-09-17 16:00:00+00:00,2025-09-17 16:30:00+00:00,57,66,low
2025-09-17 16:30:00+00:00,2025-09-17 17:00:00+00:00,63,79,low
2025-09-17 17:00:00+00:00,2025-09-17 17:30:00+00:00,67,81,low
2025-09-17 17:30:00+00:00,2025-09-17 18:00:00+00:00,72,84,low
2025-09-17 18:00:00+00:00,2025-09-17 18:30:00+00:00,72,84,low
2025-09-17 18:30:00+00:00,2025-09-17 19:00:00+00:00,77,75,low
2025-09-17 19:00:00+00:00,2025-09-17 19:30:00+00:00,76,74,low
2025-09-17 19:30:00+00:00,2025-09-17 20:00:00+00:00,67,73,low
2025-09-17 20:00:00+00:00,2025-09-17 20:30:00+00:00,70,70,low
2025-09-17 20:30:00+00:00,2025-09-17 21:00:00+00:00,69,76,low
2025-09-17 21:00:00+00:00,2025-09-17 21:30:00+00:00,68,76,low
2025-09-17 21:30:00+00:00,2025-09-17 22:00:00+00:00,74,79,low
2025-09-17 22:00:00+00:00,2025-09-17 22:30:00+00:00,76,77,low
2025-09-17 22:30:00+00:00,2025-09-17 23:00:00+00:00,79,78,low
2025-09-17 23:00:00+00:00,2025-09-17 23:30:00+00:00,80,73,low
2025-09-17 23:30:00+00:00,2025-09-18 00:00:00+00:00,77,77,low
2025-09-18 00:00:00+00:00,2025-09-18 00:30:00+00:00,70,81,low
2025-09-18 00:30:00+00:00,2025-09-18 01:00:00+00:00,74,79,low
2025-09-18 01:00:00+00:00,2025-09-18 01:30:00+00:00,77,78,low
2025-09-18 01:30:00+00:00,2025-09-18 02:00:00+00:00,78,78,low
2025-09-18 02:00:00+00:00,2025-09-18 02:30:00+00:00,80,79,low
2025-09-18 02:30:00+00:00,2025-09-18 03:00:00+00:00,77,80,low
2025-09-18 03:00:00+00:00,2025-09-18 03:30:00+00:00,79,82,low
2025-09-18 03:30:00+00:00,2025-09-18 04:00:00+00:00,80,85,low
2025-09-18 04:00:00+00:00,2025-09-18 04:30:00+00:00,83,89,low
2025-09-18 04:30:00+00:00,2025-09-18 05:00:00+00:00,84,90,low
2025-09-18 05:00:00+00:00,2025-09-18 05:30:00+00:00,86,101,moderate
2025-09-18 05:30:00+00:00,2025-09-18 06:00:00+00:00,81,100,moderate
2025-09-18 06:00:00+00:00,2025-09-18 06:30:00+00:00,86,102,moderate
2025-09-18 06:30:00+00:00,2025-09-18 07:00:00+00:00,87,83,low
2025-09-18 07:00:00+00:00,2025-09-18 07:30:00+00:00,91,78,low
2025-09-18 07:30:00+00:00,2025-09-18 08:00:00+00:00,78,79,low
2025-09-18 08:00:00+00:00,2025-09-18 08:30:00+00:00,76,78,low
2025-09-18 08:30:00+00:00,2025-09-18 09:00:00+00:00,75,77,low
2025-09-18 09:00:00+00:00,2025-09-18 09:30:00+00:00,71,76,low
2025-09-18 09:30:00+00:00,2025-09-18 10:00:00+00:00,74,76,low
2025-09-18 10:00:00+00:00,2025-09-18 10:30:00+00:00,75,77,low
2025-09-18 10:30:00+00:00,2025-09-18 11:00:00+00:00,75,79,low
2025-09-18 11:00:00+00:00,2025-09-18 11:30:00+00:00,75,79,low
2025-09-18 11:30:00+00:00,2025-09-18 12:00:00+00:00,75,78,low
2025-09-18 12:00:00+00:00,2025-09-18 12:30:00+00:00,72,78,low
2025-09-18 12:30:00+00:00,2025-09-18 13:00:00+00:00,72,80,low
2025-09-18 13:00:00+00:00,2025-09-18 13:30:00+00:00,70,76,low
2025-09-18 13:30:00+00:00,2025-09-18 14:00:00+00:00,73,70,low
2025-09-18 14:00:00+00:00,2025-09-18 14:30:00+00:00,74,74,low
2025-09-18 14:30:00+00:00,2025-09-18 15:00:00+00:00,73,79,low
2025-09-18 15:00:00+00:00,2025-09-18 15:30:00+00:00,71,90,low
2025-09-18 15:30:00+00:00,2025-09-18 16:00:00+00:00,83,102,moderate
2025-09-18 16:00:00+00:00,2025-09-18 16:30:00+00:00,92,106,moderate
2025-09-18 16:30:00+00:00,2025-09-18 17:00:00+00:00,102,115,moderate
2025-09-18 17:00:00+00:00,2025-09-18 17:30:00+00:00,113,112,moderate
2025-09-18 17:30:00+00:00,2025-09-18 18:00:00+00:00,115,112,moderate
2025-09-18 18:00:00+00:00,2025-09-18 18:30:00+00:00,121,112,moderate
2025-09-18 18:30:00+00:00,2025-09-18 19:00:00+00:00,107,95,low
2025-09-18 19:00:00+00:00,2025-09-18 19:30:00+00:00,113,88,low
2025-09-18 19:30:00+00:00,2025-09-18 20:00:00+00:00,102,82,low
2025-09-18 20:00:00+00:00,2025-09-18 20:30:00+00:00,82,68,low
2025-09-18 20:30:00+00:00,2025-09-18 21:00:00+00:00,88,69,low
2025-09-18 21:00:00+00:00,2025-09-18 21:30:00+00:00,70,68,low
2025-09-18 21:30:00+00:00,2025-09-18 22:00:00+00:00,73,65,low
2025-09-18 22:00:00+00:00,2025-09-18 22:30:00+00:00,67,63,low
2025-09-18 22:30:00+00:00,2025-09-18 23:00:00+00:00,62,64,low
2025-09-18 23:00:00+00:00,2025-09-18 23:30:00+00:00,62,63,low
2025-09-18 23:30:00+00:00,2025-09-19 00:00:00+00:00,60,64,low
2025-09-19 00:00:00+00:00,2025-09-19 00:30:00+00:00,65,63,low
2025-09-19 00:30:00+00:00,2025-09-19 01:00:00+00:00,61,65,low
2025-09-19 01:00:00+00:00,2025-09-19 01:30:00+00:00,65,62,low
2025-09-19 01:30:00+00:00,2025-09-19 02:00:00+00:00,63,62,low
2025-09-19 02:00:00+00:00,2025-09-19 02:30:00+00:00,64,56,low
2025-09-19 02:30:00+00:00,2025-09-19 03:00:00+00:00,63,59,low
2025-09-19 03:00:00+00:00,2025-09-19 03:30:00+00:00,58,65,low
2025-09-19 03:30:00+00:00,2025-09-19 04:00:00+00:00,58,64,low
2025-09-19 04:00:00+00:00,2025-09-19 04:30:00+00:00,62,67,low
2025-09-19 04:30:00+00:00,2025-09-19 05:00:00+00:00,64,75,low
2025-09-19 05:00:00+00:00,2025-09-19 05:30:00+00:00,67,86,low
2025-09-19 05:30:00+00:00,2025-09-19 06:00:00+00:00,71,97,low
2025-09-19 06:00:00+00:00,2025-09-19 06:30:00+00:00,87,105,moderate
2025-09-19 06:30:00+00:00,2025-09-19 07:00:00+00:00,95,112,moderate
2025-09-19 07:00:00+00:00,2025-09-19 07:30:00+00:00,98,110,moderate
2025-09-19 07:30:00+00:00,2025-09-19 08:00:00+00:00,105,107,moderate
2025-09-19 08:00:00+00:00,2025-09-19 08:30:00+00:00,110,100,moderate
2025-09-19 08:30:00+00:00,2025-09-19 09:00:00+00:00,97,89,low
2025-09-19 09:00:00+00:00,2025-09-19 09:30:00+00:00,89,83,low
2025-09-19 09:30:00+00:00,2025-09-19 10:00:00+00:00,83,83,low
2025-09-19 10:00:00+00:00,2025-09-19 10:30:00+00:00,77,78,low
2025-09-19 10:30:00+00:00,2025-09-19 11:00:00+00:00,81,75,low
2025-09-19 11:00:00+00:00,2025-09-19 11:30:00+00:00,82,79,low
2025-09-19 11:30:00+00:00,2025-09-19 12:00:00+00:00,76,79,low
2025-09-19 12:00:00+00:00,2025-09-19 12:30:00+00:00,79,81,low
2025-09-19 12:30:00+00:00,2025-09-19 13:00:00+00:00,80,88,low
2025-09-19 13:00:00+00:00,2025-09-19 13:30:00+00:00,80,92,low
2025-09-19 13:30:00+00:00,2025-09-19 14:00:00+00:00,102,100,moderate
2025-09-19 14:00:00+00:00,2025-09-19 14:30:00+00:00,106,109,moderate
2025-09-19 14:30:00+00:00,2025-09-19 15:00:00+00:00,114,119,moderate
2025-09-19 15:00:00+00:00,2025-09-19 15:30:00+00:00,129,139,moderate
2025-09-19 15:30:00+00:00,2025-09-19 16:00:00+00:00,137,164,moderate
2025-09-19 16:00:00+00:00,2025-09-19 16:30:00+00:00,144,178,moderate
2025-09-19 16:30:00+00:00,2025-09-19 17:00:00+00:00,171,188,high
2025-09-19 17:00:00+00:00,2025-09-19 17:30:00+00:00,184,198,high
2025-09-19 17:30:00+00:00,2025-09-19 18:00:00+00:00,192,192,high
2025-09-19 18:00:00+00:00,2025-09-19 18:30:00+00:00,198,196,high
2025-09-19 18:30:00+00:00,2025-09-19 19:00:00+00:00,194,191,high
2025-09-19 19:00:00+00:00,2025-09-19 19:30:00+00:00,195,188,high
2025-09-19 19:30:00+00:00,2025-09-19 20:00:00+00:00,197,183,high
2025-09-19 20:00:00+00:00,2025-09-19 20:30:00+00:00,194,187,high
2025-09-19 20:30:00+00:00,2025-09-19 21:00:00+00:00,181,185,high
2025-09-19 21:00:00+00:00,2025-09-19 21:30:00+00:00,180,173,moderate
2025-09-19 21:30:00+00:00,2025-09-19 22:00:00+00:00,180,164,moderate
2025-09-19 22:00:00+00:00,2025-09-19 22:30:00+00:00,169,156,moderate
2025-09-19 22:30:00+00:00,2025-09-19 23:00:00+00:00,162,151,moderate
2025-09-19 23:00:00+00:00,2025-09-19 23:30:00+00:00,157,145,moderate
2025-09-19 23:30:00+00:00,2025-09-20 00:00:00+00:00,142,138,moderate
2025-09-20 00:00:00+00:00,2025-09-20 00:30:00+00:00,148,136,moderate
2025-09-20 00:30:00+00:00,2025-09-20 01:00:00+00:00,146,136,moderate
2025-09-20 01:00:00+00:00,2025-09-20 01:30:00+00:00,140,135,moderate
2025-09-20 01:30:00+00:00,2025-09-20 02:00:00+00:00,142,125,moderate
2025-09-20 02:00:00+00:00,2025-09-20 02:30:00+00:00,139,118,moderate
2025-09-20 02:30:00+00:00,2025-09-20 03:00:00+00:00,131,111,moderate
2025-09-20 03:00:00+00:00,2025-09-20 03:30:00+00:00,126,109,moderate
2025-09-20 03:30:00+00:00,2025-09-20 04:00:00+00:00,120,108,moderate
2025-09-20 04:00:00+00:00,2025-09-20 04:30:00+00:00,124,113,moderate
2025-09-20 04:30:00+00:00,2025-09-20 05:00:00+00:00,118,124,moderate
2025-09-20 05:00:00+00:00,2025-09-20 05:30:00+00:00,115,136,moderate
2025-09-20 05:30:00+00:00,2025-09-20 06:00:00+00:00,129,145,moderate
2025-09-20 06:00:00+00:00,2025-09-20 06:30:00+00:00,114,157,moderate
2025-09-20 06:30:00+00:00,2025-09-20 07:00:00+00:00,153,168,moderate
2025-09-20 07:00:00+00:00,2025-09-20 07:30:00+00:00,159,172,moderate
2025-09-20 07:30:00+00:00,2025-09-20 08:00:00+00:00,171,169,moderate
2025-09-20 08:00:00+00:00,2025-09-20 08:30:00+00:00,174,161,moderate
2025-09-20 08:30:00+00:00,2025-09-20 09:00:00+00:00,160,160,moderate
2025-09-20 09:00:00+00:00,2025-09-20 09:30:00+00:00,142,154,moderate
2025-09-20 09:30:00+00:00,2025-09-20 10:00:00+00:00,152,143,moderate
2025-09-20 10:00:00+00:00,2025-09-20 10:30:00+00:00,153,132,moderate
2025-09-20 10:30:00+00:00,2025-09-20 11:00:00+00:00,141,124,moderate
2025-09-20 11:00:00+00:00,2025-09-20 11:30:00+00:00,132,115,moderate
2025-09-20 11:30:00+00:00,2025-09-20 12:00:00+00:00,128,110,moderate
2025-09-20 12:00:00+00:00,2025-09-20 12:30:00+00:00,113,113,moderate
2025-09-20 12:30:00+00:00,2025-09-20 13:00:00+00:00,114,113,moderate
2025-09-20 13:00:00+00:00,2025-09-20 13:30:00+00:00,112,114,moderate
2025-09-20 13:30:00+00:00,2025-09-20 14:00:00+00:00,114,112,moderate
2025-09-20 14:00:00+00:00,2025-09-20 14:30:00+00:00,114,112,moderate
2025-09-20 14:30:00+00:00,2025-09-20 15:00:00+00:00,112,117,moderate
2025-09-20 15:00:00+00:00,2025-09-20 15:30:00+00:00,112,116,moderate
2025-09-20 15:30:00+00:00,2025-09-20 16:00:00+00:00,112,124,moderate
2025-09-20 16:00:00+00:00,2025-09-20 16:30:00+00:00,113,122,moderate
2025-09-20 16:30:00+00:00,2025-09-20 17:00:00+00:00,125,121,moderate
2025-09-20 17:00:00+00:00,2025-09-20 17:30:00+00:00,121,118,moderate
2025-09-20 17:30:00+00:00,2025-09-20 18:00:00+00:00,120,107,moderate
2025-09-20 18:00:00+00:00,2025-09-20 18:30:00+00:00,114,97,low
2025-09-20 18:30:00+00:00,2025-09-20 19:00:00+00:00,97,90,low
2025-09-20 19:00:00+00:00,2025-09-20 19:30:00+00:00,92,87,low
2025-09-20 19:30:00+00:00,2025-09-20 20:00:00+00:00,94,85,low
2025-09-20 20:00:00+00:00,2025-09-20 20:30:00+00:00,86,77,low
2025-09-20 20:30:00+00:00,2025-09-20 21:00:00+00:00,76,75,low
2025-09-20 21:00:00+00:00,2025-09-20 21:30:00+00:00,76,75,low
2025-09-20 21:30:00+00:00,2025-09-20 22:00:00+00:00,77,82,low
2025-09-20 22:00:00+00:00,2025-09-20 22:30:00+00:00,73,74,low
2025-09-20 22:30:00+00:00,2025-09-20 23:00:00+00:00,80,76,low
2025-09-20 23:00:00+00:00,2025-09-20 23:30:00+00:00,78,79,low
2025-09-20 23:30:00+00:00,2025-09-21 00:00:00+00:00,77,76,low
2025-09-21 00:00:00+00:00,2025-09-21 00:30:00+00:00,78,75,low
2025-09-21 00:30:00+00:00,2025-09-21 01:00:00+00:00,74,68,low
2025-09-21 01:00:00+00:00,2025-09-21 01:30:00+00:00,74,69,low
2025-09-21 01:30:00+00:00,2025-09-21 02:00:00+00:00,66,78,low
2025-09-21 02:00:00+00:00,2025-09-21 02:30:00+00:00,68,87,low
2025-09-21 02:30:00+00:00,2025-09-21 03:00:00+00:00,76,95,low
2025-09-21 03:00:00+00:00,2025-09-21 03:30:00+00:00,84,97,low
2025-09-21 03:30:00+00:00,2025-09-21 04:00:00+00:00,94,90,low
2025-09-21 04:00:00+00:00,2025-09-21 04:30:00+00:00,93,82,low
2025-09-21 04:30:00+00:00,2025-09-21 05:00:00+00:00,91,74,low
2025-09-21 05:00:00+00:00,2025-09-21 05:30:00+00:00,81,75,low
2025-09-21 05:30:00+00:00,2025-09-21 06:00:00+00:00,78,75,low
2025-09-21 06:00:00+00:00,2025-09-21 06:30:00+00:00,71,76,low
2025-09-21 06:30:00+00:00,2025-09-21 07:00:00+00:00,77,69,low
2025-09-21 07:00:00+00:00,2025-09-21 07:30:00+00:00,76,64,low
2025-09-21 07:30:00+00:00,2025-09-21 08:00:00+00:00,63,59,low
2025-09-21 08:00:00+00:00,2025-09-21 08:30:00+00:00,56,55,low
2025-09-21 08:30:00+00:00,2025-09-21 09:00:00+00:00,54,50,low
2025-09-21 09:00:00+00:00,2025-09-21 09:30:00+00:00,48,50,low
2025-09-21 09:30:00+00:00,2025-09-21 10:00:00+00:00,46,49,low
2025-09-21 10:00:00+00:00,2025-09-21 10:30:00+00:00,48,48,low
2025-09-21 10:30:00+00:00,2025-09-21 11:00:00+00:00,46,47,low
